1:2065,6393,1645,955,5439,3936,2682,8934,3468,5605,1289,8764,7956,2604,4024,4994,4703,2717,9648,3313,3189,707,8104,3842,6534,9313,3840,8056,8119,3300,4183,9336,902,8792,8489,9328
2:NO
3:NO
4:1032,8210,1658,6693,9145,720,4409,1707,8848,8088,499
5:2747,5166,5638,4263,7657,3200,3540,5418,3899,7486,5789,2938,9001,8774,4100,4038,5672,1875,9452,2648,1676,3583,5750,420,8555,7641
6:NO
7:NO
8:5784
9:1806,1864
10:NO
11:NO
12:NO
13:NO
14:NO
15:NO
16:NO
17:NO
18:4778,3782,6444
19:5491
20:NO
21:NO
22:NO
23:NO
24:NO
25:NO
26:NO
27:1524,3647,6260,7553,9351,6164,338,2817,8073,8182,1562,6788,2548,5207,1931,243,4545
28:4859,7711,2205,3003,9402,7402,5784,9417,6566,423,8523,151
29:NO
30:NO
31:NO
32:NO
33:NO
34:NO
35:NO
36:NO
37:NO
38:NO
39:NO
40:NO
41:NO
42:NO
43:NO
44:NO
45:NO
46:2613,1459
47:NO
48:NO
49:NO
50:8937,6147,7876,9285,3486,9880,5885,539,2995,1962
51:4020,2527,4929
52:2747,7896,8266,9199,936,6182,6084,9372,9189,2452,1789,1254,8561,7495,1875,9048,7388,8693,6141,7934,1624,6419,8548,4254,5757,2361,4482,1992,5989,539,1152,6396,4330,5286,3883,6043,2805,1838,5662,325,5418,8589,631,6018,3899,7333,5058,9002,997,328,508,5117,853,7560,7324,4168,3990,7177,970,4723,9456,5269,596,8611,9095,722,4548,1794
53:NO
54:NO
55:NO
56:NO
57:NO
58:NO
59:NO
60:NO
61:7246
62:NO
63:NO
64:NO
65:3636
66:NO
67:5645,8632,7921,5706,504,6196,3950,3799,3940,1063,4959,7428,5487,8181,3626,2188,1245,2846,9297
68:NO
69:NO
70:5193,591
71:NO
72:NO
73:NO
74:5519
75:NO
76:NO
77:1969
78:NO
79:NO
80:NO
81:NO
82:NO
83:7652,3165,9351,2747,6684,7422,8266,1088,3395,1897,6669,4639,4632,4994,811,4519,9534,7083,6718,4043,4227,2471,6116,4795,1387,4119,4911,3583,5989,8555,1996,6396,1849,7104,198,6505,2497,195,5905,1569,3080,2794,2117,8450,866,1003,8752,5776,6514,5170,9002,3486,5890,3369,5520,4160,5792,1547,1677,3605,3742,4563,5534,1471,9701,488,4862,4725,7442,9706,1689,7713,2426
84:NO
85:NO
86:NO
87:NO
88:NO
89:NO
90:NO
91:9208,6604,1155,4007,7920,7774,142,7701,5974,3126,9174,971,6962,1506,2661,3812,2937,2360,7542,5615,1242
92:5628,7156
93:NO
94:NO
95:NO
96:NO
97:NO
98:NO
99:NO
100:1003
101:NO
102:312,9335
103:NO
104:NO
105:NO
106:NO
107:NO
108:7054,6099,6569,5052,3750,7275,7096,2248,1292,2464,8237,9271,3632
109:NO
110:NO
111:3646,1102,5018,5439,2802,3936,2622,4683,8934,8265,3468,8589,2023,2787,8764,7956,3061,9372,1107,4647,4369,6164,3192,3801,6141,7324,4723,4557,6209,9698,2562,3663,4254,8854,5684,4548,8792,1931,1794,4367,62,362
112:NO
113:NO
114:NO
115:NO
116:NO
117:NO
118:NO
119:NO
120:NO
121:NO
122:9245
123:1067
124:4662,8437,4457
125:NO
126:NO
127:NO
128:234
129:NO
130:8361,7861,7948,1871,7349,5465,797,723,4412
131:NO
132:NO
133:NO
134:NO
135:NO
136:NO
137:NO
138:NO
139:9224,2703,7766
140:NO
141:NO
142:NO
143:NO
144:NO
145:NO
146:NO
147:NO
148:NO
149:NO
150:NO
151:6150
152:6770,5704,7467,2955,7410,2314,6169,6831,2390,8378,4591,5240,6347,995,5685,3994,8123,6549
153:NO
154:NO
155:NO
156:NO
157:NO
158:9669,5674,6006
159:NO
160:NO
161:NO
162:NO
163:NO
164:NO
165:687,8399,2266,472,6913,9683,9213,1711,3940,5006,460,257,9192,5071,2178,9803,6904,7076,7078,3803,1470,5322,1200,5873,7785,2765,8795
166:8195,1271,9850,6774,2848,562,5585,2884,8437,9312,6871,4535,2316,8280
167:9208,6604,1155,4007,7920,7774,142,7701,5974,3126,9174,971,6962,1506,2661,3812,2937,2360,7542,5615,1242
168:NO
169:NO
170:NO
171:NO
172:NO
173:NO
174:NO
175:NO
176:8476,725
177:7829,3680
178:NO
179:NO
180:NO
181:NO
182:NO
183:7617
184:8801,5225,8133,2193,7657,8265,2723,1107,268,811,4647,9258,4369,5466,9534,5192,8772,4043,1600,3801,9048,521,9272,4119,8792,4367,62,2265,6393,2802,8749,4683,3042,2497,3468,1288,8450,2787,8765,4223,1283,8764,3061,5890,329,375,5942,4168,6355,9336,2555,3031,362,5018,9202,3936,6685,950,1768,4534,2869,5605,3421,9904,6656,939,9196,6669,3683,4994,8401,9377,2002,6718,2562,3663,4790,6155,3653,5576,1996,3646,9149,8321,9965,6505,7223,2376,7956,7681,1456,238,6467,7977,6226,1677,2648,707,5534,9701,7998,9698,4862,5102,8854,3105
185:NO
186:NO
187:NO
188:NO
189:NO
190:NO
191:NO
192:NO
193:NO
194:NO
195:NO
196:NO
197:9096
198:NO
199:NO
200:133,9586
201:7921,5487,1245,4959
202:NO
203:NO
204:NO
205:NO
206:NO
207:NO
208:6721,9346,7785,5487,1200,9544,6913,2621,5595
209:NO
210:7373
211:NO
212:NO
213:NO
214:NO
215:NO
216:NO
217:NO
218:NO
219:7963,54,7338,2429,1502,6443,6868,9914,5430,3518,1344
220:NO
221:NO
222:7799
223:9180,3581
224:NO
225:NO
226:2306,3527,652,4439,4236,7231,162,7190,8073,5110,1987,9429,3039,5450,560
227:NO
228:NO
229:NO
230:NO
231:NO
232:NO
233:NO
234:NO
235:NO
236:NO
237:NO
238:NO
239:NO
240:NO
241:NO
242:NO
243:NO
244:NO
245:NO
246:NO
247:NO
248:NO
249:357,5944,459,8458,8896,1809
250:8457
251:1933,3424
252:NO
253:NO
254:3583
255:NO
256:NO
257:NO
258:NO
259:6705,3802,7492,4203,7161,4212,5873,257,460,6519,8113,3867,7159,2942
260:NO
261:7318,388
262:NO
263:NO
264:NO
265:NO
266:NO
267:NO
268:NO
269:NO
270:NO
271:NO
272:7071
273:NO
274:NO
275:NO
276:NO
277:NO
278:NO
279:NO
280:NO
281:6545,3171
282:8406
283:NO
284:NO
285:NO
286:NO
287:NO
288:8827
289:9556
290:NO
291:NO
292:NO
293:475,9124
294:NO
295:9377,9181,5018,8772,6393,5464,8988,8928,5188,950,7223,4168,2869,5605,9336,939,5102,4911,4994,3031,5576
296:NO
297:2567,9994,7943,1999
298:NO
299:2265,5166,5225,198,5638,4263,1719,3540,7486,560,6669,5789,4639,4647,238,8774,5466,4100,5672,1875,1600,9452,1676,1949,2471,7026,6620,4795,8609,8792,3583,5750,8555,7641
300:NO
301:NO
302:852
303:NO
304:7102,6893,4602,1592,1586,7797
305:3192,8854,6141,8265
306:NO
307:4859,9402,5031,7402,5784,9417,423,8523,151
308:NO
309:7054,6099,9515,7275,7096,2715,8237,3843,9661
310:8233
311:NO
312:NO
313:5265
314:NO
315:NO
316:NO
317:NO
318:NO
319:NO
320:1559
321:NO
322:NO
323:NO
324:NO
325:NO
326:2771
327:NO
328:NO
329:NO
330:7587,415,507,1342,1126,6411,3871,5367,2322,3869,3513,2992,8831,7205
331:NO
332:NO
333:NO
334:NO
335:7034
336:NO
337:NO
338:NO
339:NO
340:NO
341:6993,7472,230
342:683,4609,2037,5711,7896,8266,6682,946,2019,2732,7664,801,6084,3549,2452,5591,1254,3795,5049,2817,7388,3327,8777,7934,7627,7384,9660,8901,6828,2562,1277,420,4063,9645,303,6976,4330,9956,3639,2681,9285,5289,1979,6652,3200,461,8589,631,2251,7333,1054,6254,1283,9125,5791,2938,1963,1544,2886,7856,5672,9452,1676,1057,503,4168,834,970,4723,5270,8611,7442,1694,722,1794
343:NO
344:NO
345:NO
346:4378
347:NO
348:NO
349:NO
350:NO
351:70
352:NO
353:9149,8528,5166,2193,1768,2794,2732,5776,6656,6651,9125,5791,9678,4639,810,9001,4519,811,8567,3674,5520,6226,7378,3567,5942,382,521,5534,2471,6620,4795
354:NO
355:NO
356:NO
357:NO
358:NO
359:2852,4287,1055,7427,978,3636
360:NO
361:NO
362:687,7011,1854,2821,4744,6705,9734,524,1392,5803,9241,7029,4587,4756,3516,5175
363:NO
364:NO
365:NO
366:NO
367:NO
368:NO
369:NO
370:NO
371:NO
372:NO
373:NO
374:NO
375:NO
376:NO
377:NO
378:NO
379:NO
380:NO
381:NO
382:NO
383:NO
384:NO
385:NO
386:NO
387:NO
388:NO
389:7806,698,156,415,2518
390:NO
391:NO
392:NO
393:NO
394:478,7328,3174,4581
395:NO
396:NO
397:5505,3916,6443,6868
398:NO
399:NO
400:NO
401:NO
402:8195,8994,5071,9683,2178,2942
403:NO
404:NO
405:NO
406:NO
407:NO
408:NO
409:NO
410:NO
411:NO
412:NO
413:5997
414:NO
415:NO
416:NO
417:8369
418:NO
419:NO
420:7652,2306,3285,2747,5225,1088,7657,4263,6682,2869,3421,3540,9240,9904,3419,6669,5612,4632,810,4647,652,3795,4369,8774,5466,8699,4038,4100,8561,1875,1600,4043,4227,6419,4795,3569,1387,4119,9988,6155,662,8792,3583,5750,8555,420,7641,5885,4945,5286,5166,4679,8749,8321,5638,198,2497,5905,1569,2117,1719,3200,8450,5418,5776,4017,7486,3899,5789,5170,2787,5169,2938,328,9001,4977,6467,5672,1677,9452,2648,1676,707,3742,1949,1471,8119,7026,6620,6055,596,4725,8609
421:5400,1905,7614
422:2747,2193,7422,8266,12,7657,3540,9240,2732,7664,4865,4637,3795,8774,9534,4038,4100,5192,8772,7083,1600,1875,7388,9521,3567,8777,7934,7384,2471,5757,1142,4911,8555,539,7641,2265,5166,4679,8748,9285,5638,3200,6652,866,631,8752,4017,2251,4223,9002,5890,9001,329,5672,1057,4168,834,4723,7297,1073,683,9202,6682,5605,3683,8646,4994,1789,9377,5591,1254,5049,8693,8901,5333,6419,2562,4254,2361,4482,6155,1277,5286,3883,6745,2681,1163,198,5289,6505,1003,461,6018,3899,1955,5789,5791,9678,2938,508,1456,3369,2886,6467,6226,9452,2648,1676,1471,5265,7177,7026,5269,4862,5102,5270,8611,7442,1689,2426
423:NO
424:7082
425:NO
426:NO
427:NO
428:7357
429:NO
430:NO
431:NO
432:NO
433:NO
434:NO
435:NO
436:7172
437:NO
438:NO
439:5983
440:NO
441:8700,1216
442:NO
443:NO
444:NO
445:NO
446:NO
447:3064,1268,3083,8664,3361,9826,9216,7941,5834,3014
448:NO
449:NO
450:2974,5423,598,8404
451:NO
452:NO
453:NO
454:NO
455:NO
456:NO
457:NO
458:NO
459:NO
460:4695
461:NO
462:NO
463:NO
464:NO
465:NO
466:NO
467:NO
468:NO
469:NO
470:NO
471:3647,7553,6164,2817,8693,195,8073,7177,5265,7297,6652,3066,8589,4254,2548,4482,5447,1931,243,4545
472:450
473:7231,6498,281,2982,675,4685,7765,8073,9195,5066,9429,7135,6724,9305,560,2667,1963,4398,6907,440,8101,4644,4236,6466,1343,2106,1057,5943,439,1746,293,2904,3576
474:NO
475:NO
476:NO
477:4614,445,6575,7250
478:3467
479:NO
480:NO
481:NO
482:NO
483:NO
484:NO
485:NO
486:NO
487:NO
488:NO
489:NO
490:NO
491:2678,2431,8091
492:NO
493:NO
494:NO
495:NO
496:3318,8195,7346,3855,1339,6400,4504,5585,6197,8232,4988,3454,529,9636,7880,266,4696,8556,3861,208,7919,8220,2942
497:NO
498:NO
499:NO
500:9225
501:NO
502:NO
503:NO
504:9059,6304
505:NO
506:NO
507:NO
508:NO
509:NO
510:NO
511:2234,2855,6366,2646,5074,9359,1909,7161,6177,80,2210,8827,8760
512:NO
513:NO
514:NO
515:NO
516:NO
517:NO
518:NO
519:NO
520:NO
521:6452,1041,5583,6206
522:1324
523:NO
524:NO
525:NO
526:NO
527:NO
528:NO
529:NO
530:NO
531:NO
532:6099,3855,8295,5706,9112,4779,8942,8232,1542,7254,3257,1638,8785,5540,7275,7604,9978,693,2911,7919
533:NO
534:NO
535:NO
536:NO
537:NO
538:NO
539:NO
540:NO
541:NO
542:NO
543:NO
544:NO
545:NO
546:NO
547:2404,7195,2492,1475,4866,2371,6996,7510,2314,124,9298,861
548:NO
549:NO
550:NO
551:NO
552:NO
553:NO
554:7011,9734
555:NO
556:NO
557:NO
558:3871,2823,2322,3016,3882,7924,2487
559:NO
560:NO
561:NO
562:NO
563:NO
564:2314
565:NO
566:NO
567:NO
568:NO
569:NO
570:NO
571:NO
572:NO
573:NO
574:NO
575:NO
576:NO
577:NO
578:NO
579:8801,5225,8133,402,6685,2622,2312,950,1768,4263,3542,1897,9904,6656,9196,560,6669,4637,2026,1107,8401,811,9377,4647,4369,5466,9534,5192,8772,6718,1600,4043,9048,775,3663,4790,4911,3651,1996,9149,4945,4679,8321,9965,6505,2497,8450,866,1596,4017,7486,2787,5890,238,375,2407,4303,7977,6467,6226,5942,382,5534,6355,834,9701,6209,9698,488,4862,5102,4548
580:6979,9346,7292,2855,3981,9111,9722,9359,7489,3841,1658,7785,3265
581:NO
582:6150
583:NO
584:NO
585:NO
586:NO
587:NO
588:NO
589:NO
590:NO
591:NO
592:NO
593:NO
594:NO
595:7017
596:NO
597:8836
598:2232
599:NO
600:NO
601:NO
602:NO
603:NO
604:NO
605:NO
606:NO
607:NO
608:NO
609:7478
610:NO
611:NO
612:NO
613:NO
614:NO
615:NO
616:NO
617:NO
618:NO
619:NO
620:NO
621:NO
622:NO
623:NO
624:NO
625:NO
626:2336,8846,517,7806,3068,323,3554,961,9171,8152,676
627:NO
628:9351,5207,9645
629:3461
630:NO
631:NO
632:NO
633:NO
634:NO
635:NO
636:NO
637:NO
638:NO
639:NO
640:NO
641:NO
642:NO
643:NO
644:NO
645:NO
646:NO
647:8980,2119,6974
648:NO
649:5813,6490
650:NO
651:NO
652:NO
653:NO
654:NO
655:532,2067,8722,7827,9666,3344,522
656:NO
657:NO
658:NO
659:NO
660:NO
661:NO
662:7102,6893,4602,1592,1586,7797
663:NO
664:NO
665:NO
666:NO
667:NO
668:NO
669:NO
670:NO
671:6099,5706,3281,9959,8942,5074,8268,8077,6856,7275,7215,7604,1235,693,9673,1721,9742,3318,9719,5052,1339,4504,9112,9453,8232,1542,7254,3257,4768,6174,3384,2760,5507,5389,3864,2911,7919
672:NO
673:NO
674:NO
675:9244,199,9505,8092
676:5686
677:NO
678:NO
679:NO
680:460,8113,6705
681:NO
682:NO
683:NO
684:NO
685:1778,3342,3444
686:6873,6331,3436,9535,8097,3640,6227,8928,8002,2106,6806,2711,1362,8039,5992,9056,1746,9429,5693,5450,271,9237,4398
687:NO
688:NO
689:NO
690:NO
691:NO
692:NO
693:NO
694:NO
695:NO
696:NO
697:NO
698:NO
699:NO
700:NO
701:NO
702:NO
703:7652,5018,5225,8133,3936,6685,950,1768,4534,155,9904,7664,6656,9196,6669,3683,8646,4632,1107,8401,811,1789,4519,9377,8567,4647,5591,9648,9258,4369,5049,5466,9534,4100,8772,6718,4043,1600,9048,9521,4227,6832,6419,3663,2361,1142,662,3583,4367,1996,9149,71,5166,6745,8321,9965,6505,2497,3751,8450,8083,2787,5170,5890,3369,238,375,7977,6226,5394,5942,5534,6355,9701,9698,4862,8609,4548,5684
704:NO
705:NO
706:NO
707:NO
708:8266,4047
709:7145,7800,3238,6778,4444,6104,5431
710:NO
711:NO
712:NO
713:NO
714:NO
715:NO
716:NO
717:NO
718:NO
719:6179,8632,1200,8181,3265,2696,9607,2266,1245,406
720:NO
721:6099,5052,5253,2715,7631,2464,7254,8237,192,9661,4110,5485,9515,6622,8512,7275,2248,6996,2911,6549
722:6167
723:NO
724:NO
725:NO
726:NO
727:NO
728:NO
729:NO
730:6366
731:NO
732:NO
733:NO
734:NO
735:NO
736:NO
737:NO
738:NO
739:8482,8253,7073
740:NO
741:1255,2541,7292,4409,2378,5595,7143,7785,5038,5960,4428,1104,7682
742:NO
743:NO
744:NO
745:NO
746:NO
747:4147,8362,2855,8994,5390,1216,954,2190,1434,7714,1586,1606,1470
748:NO
749:NO
750:NO
751:NO
752:NO
753:NO
754:4355,5453,3079
755:NO
756:NO
757:5365,1877
758:NO
759:NO
760:NO
761:NO
762:NO
763:NO
764:NO
765:NO
766:NO
767:NO
768:NO
769:7034
770:NO
771:NO
772:NO
773:4148
774:NO
775:NO
776:NO
777:NO
778:NO
779:NO
780:NO
781:NO
782:9793
783:NO
784:NO
785:1932
786:NO
787:6099,7275
788:NO
789:NO
790:NO
791:239,7535,8534,5019,8750,7732,2292,7280,194,3455,5098,2553,5360,417,8184,3516,4457
792:7906
793:NO
794:7711,9287,3344,9282
795:NO
796:NO
797:NO
798:NO
799:NO
800:7846,5362
801:5082,7891
802:1342
803:NO
804:NO
805:NO
806:NO
807:NO
808:NO
809:4541,3041,3535,6510,4988,3126,3942,7797,7767,3626,7334,5092,1586
810:NO
811:239,5022,8803,8042,580,7926,7732,3938,4324,498,1061,5507,9133,3455,7397,8512,8856,2966,7125
812:NO
813:NO
814:NO
815:NO
816:2560,6556
817:NO
818:NO
819:NO
820:NO
821:NO
822:1874,1454
823:9742,6099,7275,9453,1542,2911,5624
824:NO
825:NO
826:NO
827:611
828:NO
829:3703
830:NO
831:NO
832:NO
833:NO
834:NO
835:NO
836:NO
837:NO
838:6161,2638
839:NO
840:NO
841:NO
842:NO
843:NO
844:NO
845:NO
846:NO
847:NO
848:6918,3293,7896,4136,9490,12,6682,9240,801,9372,440,3795,5857,8561,7388,9869,8170,914,6419,7908,6155,4063,9645,1306,2808,5286,3760,4679,2681,7108,2391,1838,1003,4017,3899,5058,2667,873,2938,328,4439,6467,503,5943,5110,970,596,1073,602
849:NO
850:NO
851:NO
852:4048,6366,8827,3533,1997
853:NO
854:NO
855:NO
856:NO
857:NO
858:NO
859:NO
860:NO
861:NO
862:NO
863:NO
864:5432,2404,6569,820,9861,8295,7890,3101,2884,3257,3632,5144,3750,3900,3928,3038,5389,4819,7991,9647,2029,9271
865:NO
866:NO
867:NO
868:NO
869:NO
870:NO
871:NO
872:NO
873:NO
874:NO
875:NO
876:NO
877:NO
878:NO
879:NO
880:9148,6552,3780,1603
881:NO
882:NO
883:NO
884:NO
885:4184
886:NO
887:NO
888:5490
889:NO
890:NO
891:NO
892:6907,8801,4236,9956,8699,7231,5464,7856,2817,4299,6684,5188,8867,7190,3469,8073,5780,760,3039,560,6254,2026,5207,1963
893:1852,820,8602,1155,4007,6879,8392,142,1029,5624,2316,1015,5485,6856,1113,6930,8514,5240,7611,4090,994,89,8280,6770,3855,7920,3134,2884,8232,7016,5326,1271,8856,7991,9647
894:NO
895:NO
896:NO
897:NO
898:NO
899:NO
900:NO
901:NO
902:2417,498
903:NO
904:NO
905:9867,8314,241
906:NO
907:NO
908:NO
909:3103
910:NO
911:NO
912:NO
913:NO
914:NO
915:NO
916:NO
917:NO
918:NO
919:8566,3473,3417,5111,9721
920:NO
921:NO
922:NO
923:NO
924:NO
925:NO
926:NO
927:NO
928:8102
929:NO
930:NO
931:NO
932:NO
933:NO
934:NO
935:NO
936:NO
937:NO
938:NO
939:NO
940:NO
941:NO
942:2404,6128,6569,7498,4779,6438,2623,5801,1926,7482,7397,8512,8514,6153,2360,5615,7447,6642,4364
943:NO
944:NO
945:NO
946:NO
947:NO
948:NO
949:2747,2193,7422,12,8266,7657,1897,3540,9240,2732,7664,4865,4637,4639,9258,3795,8774,4100,4038,5192,7083,1875,9521,3567,521,7384,2471,6828,5757,1142,8555,539,7641,2808,2265,5166,4679,5638,3200,6652,866,631,4017,8752,7333,4223,9002,329,9001,5672,4168,834,7297,1073,683,9202,6682,3421,6669,8646,1789,5591,1254,5857,5049,8693,6419,4254,2361,4482,6155,1996,5286,3883,2681,1163,198,2391,1003,6018,5776,3899,1955,5058,5789,5791,9678,2938,508,1456,3369,5520,6467,9452,2648,1676,503,5265,7177,5269,488,7442,9706,2426
950:NO
951:5265
952:NO
953:NO
954:6433,6227,3640,8457,5614,1376,362
955:NO
956:NO
957:NO
958:NO
959:NO
960:NO
961:NO
962:NO
963:NO
964:NO
965:NO
966:NO
967:NO
968:NO
969:NO
970:NO
971:NO
972:NO
973:NO
974:NO
975:NO
976:3887,9956,1645,5439,2376,2869,760,7486,5170,1283,810,9001,2717,3674,5520,8699,3327,707,9313,7023,6294,4903,8119,4352,9336,902,420,5749,7640
977:6067,3535,1707,3126,5262,9909,2187,6693,7636,2053,4028,3757,5785,7919,8157,4060
978:NO
979:5605,2562,3683,4911,707,8792,4994
980:8846,9146,2006,8636,4192,8624,1813,5869,3068,8992,5034,4053,8094,8525,5139,1421,4754
981:NO
982:NO
983:NO
984:NO
985:NO
986:NO
987:NO
988:NO
989:NO
990:NO
991:NO
992:NO
993:NO
994:NO
995:NO
996:8801,2372,6976,4609,2265,3639,2622,3293,8867,946,2376,1979,5780,760,3066,7876,5612,6254,1283,2026,268,8699,5192,5464,7856,4299,1677,8988,5188,775,7998,9336,4119,367,2365,6125
997:NO
998:NO
999:NO
1000:2205
1001:4287,7595
1002:NO
1003:NO
1004:NO
1005:NO
1006:NO
1007:NO
1008:4802,1272
1009:NO
1010:NO
1011:9904,1645,2312,4594
1012:NO
1013:NO
1014:7076
1015:NO
1016:NO
1017:NO
1018:NO
1019:NO
1020:NO
1021:NO
1022:NO
1023:NO
1024:NO
1025:NO
1026:NO
1027:4697
1028:NO
1029:NO
1030:NO
1031:NO
1032:NO
1033:NO
1034:NO
1035:NO
1036:NO
1037:NO
1038:6303
1039:5712
1040:5645,6128,9112,8873,1251,9858,7946,1488,784,1816,7661,9284,9312,9938,2219,357,5098,6962,2661,4120,6702,2360,4701,5415
1041:NO
1042:NO
1043:NO
1044:NO
1045:NO
1046:NO
1047:NO
1048:9846
1049:834
1050:NO
1051:NO
1052:NO
1053:1424
1054:NO
1055:NO
1056:NO
1057:NO
1058:6738
1059:NO
1060:NO
1061:NO
1062:NO
1063:3945,8700,8889,1877
1064:NO
1065:NO
1066:NO
1067:1021,7856,4299,5439,7495,6832,1624,5662,760,3066,8083,7333,2969,367,5207,1794,2365,6159,303
1068:NO
1069:NO
1070:NO
1071:NO
1072:NO
1073:NO
1074:5082,7891
1075:NO
1076:NO
1077:8942
1078:NO
1079:NO
1080:6568,8739,2513
1081:NO
1082:NO
1083:NO
1084:NO
1085:7711,6602,3712,7379,3882,3003,9287,9402,2999,8072,1182,438,6463,981
1086:NO
1087:NO
1088:NO
1089:3705,9950
1090:NO
1091:NO
1092:NO
1093:NO
1094:NO
1095:NO
1096:8229
1097:NO
1098:2455
1099:6116,9202,7422,3567,5638,4563,1088,7657,303
1100:NO
1101:NO
1102:NO
1103:NO
1104:NO
1105:NO
1106:NO
1107:NO
1108:NO
1109:NO
1110:NO
1111:4051
1112:NO
1113:NO
1114:NO
1115:NO
1116:2607,282,9846
1117:NO
1118:6355
1119:2055,8107,2707
1120:5432,1852,820,6569,2316,3632,6856,3750,3900,9193,7397,1235,8647,9673,2029,8280,3318,2404,5052,9861,9112,2884,3257,5144,1271,5507,6622,3038,7991
1121:NO
1122:610,3675,5686,2413,7172
1123:NO
1124:NO
1125:NO
1126:NO
1127:NO
1128:4357,3725
1129:NO
1130:NO
1131:NO
1132:NO
1133:3677
1134:NO
1135:2416
1136:NO
1137:NO
1138:NO
1139:NO
1140:NO
1141:NO
1142:NO
1143:NO
1144:NO
1145:NO
1146:NO
1147:687,8635,1627,6722,7029,4416,6409,7267
1148:2854,683,6806,12,675,3540,5842,9364,4865,4637,8646,271,9237,440,7502,4642,4038,8778,9869,3189,8693,8777,5992,4254,5757,4482,3576,4679,3640,8748,5289,5066,6652,7813,1003,1051,9429,1289,5058,2667,9678,9845,1963,508,8101,5117,1057,5265,7177,4420,8379,8611,2426
1149:7194
1150:NO
1151:NO
1152:4049
1153:9040,9111,9722,1063,4201,6179,1200,7785,9607,9995,4416,720,1245
1154:NO
1155:2376
1156:NO
1157:NO
1158:NO
1159:NO
1160:NO
1161:NO
1162:NO
1163:NO
1164:NO
1165:NO
1166:NO
1167:NO
1168:NO
1169:NO
1170:NO
1171:NO
1172:NO
1173:9719,1271,4049,8113,9959,6705,4708,2314,1638,1303,2316
1174:NO
1175:NO
1176:NO
1177:NO
1178:NO
1179:NO
1180:NO
1181:NO
1182:NO
1183:6099,9719,8785,7275,9959,7254,2911
1184:NO
1185:2747,5225,5710,7422,2193,8266,12,7657,3540,9240,2732,7664,4865,4637,4396,4647,9258,3795,8774,5466,4038,4100,5192,8772,8561,7083,1875,1600,7388,9521,3567,8777,7934,7384,2471,7908,5757,1142,4911,8792,3583,1376,5750,8555,7641,539,4945,2265,5166,4679,9285,5638,6652,3200,866,5418,631,8752,4017,4223,9002,328,9001,5672,1057,4168,834,4723,6620,596,1073,955,9202,4263,6682,5605,6669,3683,8646,4994,1789,9377,5591,7502,1254,5049,5312,914,8901,5333,6419,4795,2361,6155,1277,420,4330,5286,3883,6745,2681,1163,198,5289,461,1003,6018,7486,1955,3899,5789,9125,5791,9678,2938,997,1456,508,3369,6467,2886,6226,705,9452,2648,1676,1949,9103,5269,4862,5102,5270,8611,7442,8609,1694,722,3105,1689,2426
1186:NO
1187:NO
1188:NO
1189:NO
1190:NO
1191:NO
1192:NO
1193:NO
1194:NO
1195:NO
1196:NO
1197:NO
1198:NO
1199:NO
1200:NO
1201:NO
1202:8944
1203:1384,1908
1204:NO
1205:NO
1206:NO
1207:NO
1208:68,8618,9034
1209:3285,2747,5225,7422,2193,8266,12,1088,7657,3540,9240,2732,7664,4865,4637,810,4647,4034,3795,4369,8774,5466,4038,4100,5192,8561,7083,1875,1600,4043,9521,3567,2466,7384,2471,8548,5757,9988,1142,8792,3583,5750,8555,7641,2486,539,7640,2265,5166,4679,8748,8749,5638,2497,5905,1569,3200,8450,866,1051,5418,631,8752,4017,8765,2787,5170,1283,4223,9002,328,9001,5672,4168,834,8119,6620,596,4725,1073,955,9202,402,675,4263,6682,2869,3421,9904,6669,8646,1789,5591,1254,5049,8699,914,6419,4795,2361,6155,420,6036,5286,9956,3883,8321,1163,198,2117,1719,461,1003,6018,7486,1955,3899,5789,9125,5791,9678,2938,997,1456,508,3369,6467,2886,1677,705,9452,1676,2648,707,1949,1471,7026,9456,5269,5270,8611,7442,8609,1694,2426
1210:NO
1211:NO
1212:NO
1213:NO
1214:NO
1215:NO
1216:NO
1217:NO
1218:NO
1219:NO
1220:NO
1221:NO
1222:NO
1223:NO
1224:NO
1225:NO
1226:NO
1227:NO
1228:2404,1548,2614,2266,6197,7076,2314,7870,6001,104
1229:NO
1230:4279
1231:NO
1232:NO
1233:NO
1234:NO
1235:NO
1236:NO
1237:8925,2859
1238:NO
1239:NO
1240:NO
1241:NO
1242:NO
1243:NO
1244:NO
1245:NO
1246:NO
1247:5692
1248:NO
1249:NO
1250:7712
1251:NO
1252:9311,7509,1622
1253:NO
1254:NO
1255:NO
1256:4609,2037,5711,955,3639,10,4598,6567,3200,1051,2019,1289,8589,6084,1054,9002,878,1963,2452,5591,3795,1544,1340,3605,705,9452,1676,1951,1057,503,7627,7384,9660,8901,834,1624,4183,9456,7908,7442,1694,8489,1794,9328,9880,7713,726,539
1257:NO
1258:NO
1259:NO
1260:NO
1261:NO
1262:NO
1263:9375
1264:6331,6873,9295,6918,2854,8528,3640,8002,6806,7765,1362,5839,9429,2667,6644,2058,9845,271,9237,4398,174,6466,6227,2106,1873,8777,5943,8039,3840,5992,1746,3576,846,2841
1265:4022
1266:NO
1267:NO
1268:NO
1269:NO
1270:NO
1271:9287,7957,7565,6309
1272:NO
1273:NO
1274:NO
1275:NO
1276:NO
1277:3394
1278:NO
1279:4645
1280:4378
1281:NO
1282:NO
1283:NO
1284:1255,7055,8635,7011,4744,8099,4201,9702,4354,9850,5268,7096,9947,1104,689
1285:NO
1286:NO
1287:NO
1288:NO
1289:NO
1290:NO
1291:NO
1292:NO
1293:1660,2937,2623,5615,4399
1294:NO
1295:NO
1296:NO
1297:8119,4903,4369,1645,707,1931
1298:NO
1299:NO
1300:NO
1301:NO
1302:NO
1303:NO
1304:NO
1305:NO
1306:NO
1307:NO
1308:NO
1309:NO
1310:NO
1311:NO
1312:NO
1313:NO
1314:2974
1315:NO
1316:NO
1317:NO
1318:NO
1319:NO
1320:NO
1321:NO
1322:NO
1323:NO
1324:NO
1325:NO
1326:6622,9133,2,9259,6261,3704,8513,9409,9289,8392,7913,2687
1327:NO
1328:NO
1329:5684
1330:NO
1331:NO
1332:NO
1333:343,5199,6424
1334:NO
1335:NO
1336:9202,7896,3293,4136,6682,9240,9199,801,936,6182,2023,6084,9372,9189,2452,3795,8561,1875,7388,8170,8693,7934,9758,6419,6828,4254,2361,4482,6155,1992,4063,9645,539,5885,1152,5286,4679,3883,2802,6043,7108,1838,325,5418,8589,4017,3899,5058,873,2938,997,328,4439,4977,5117,6467,853,7560,5110,7177,3990,970,4723,7163,596,8611,9095,1931,1794
1337:2387,1502,6868,1344,8971,5577
1338:NO
1339:NO
1340:NO
1341:NO
1342:NO
1343:NO
1344:NO
1345:NO
1346:3944,3285,139,2440,2747,2037,5711,12,675,7657,2732,5842,9199,3419,4865,9237,7502,3795,4038,5192,8778,8170,2948,4229,4230,8548,1992,1277,420,4063,4601,9956,2681,9285,5638,7108,7130,3200,6652,325,5418,8589,2251,1955,3899,2787,5058,873,1283,2938,9001,6470,5117,1340,2648,1676,4723,8379,6055,5270,1694
1347:6001
1348:NO
1349:NO
1350:NO
1351:NO
1352:NO
1353:NO
1354:NO
1355:NO
1356:NO
1357:NO
1358:NO
1359:NO
1360:NO
1361:NO
1362:NO
1363:NO
1364:NO
1365:NO
1366:NO
1367:NO
1368:NO
1369:NO
1370:NO
1371:4303,2604
1372:NO
1373:NO
1374:NO
1375:NO
1376:NO
1377:NO
1378:NO
1379:NO
1380:NO
1381:NO
1382:NO
1383:NO
1384:NO
1385:NO
1386:NO
1387:NO
1388:NO
1389:NO
1390:NO
1391:NO
1392:NO
1393:NO
1394:NO
1395:NO
1396:NO
1397:NO
1398:NO
1399:NO
1400:NO
1401:NO
1402:NO
1403:NO
1404:NO
1405:NO
1406:NO
1407:NO
1408:NO
1409:7652,2747,8133,2193,7422,8266,12,7657,3540,9240,2732,7664,4637,4632,9237,8567,3795,8774,4038,4100,5192,8561,7083,8778,1875,9521,3567,7384,7934,2471,6832,5757,1142,3583,539,7641,2265,5166,4679,5638,3751,3200,866,1838,5662,325,631,8752,4017,2251,4223,9002,328,9001,1544,1340,5672,5394,4168,6355,834,1073,9202,6682,155,5842,9199,3683,8646,1789,4519,5591,1254,5049,4227,4230,6419,2361,662,6155,1992,1277,4330,4601,5286,3883,6745,2681,1163,6043,3080,1003,6018,3899,1955,5058,5789,5791,9678,2938,508,1456,3369,6470,5117,6467,9452,2648,1676,8379,5269,7442,8609,722,2426
1410:NO
1411:NO
1412:NO
1413:NO
1414:NO
1415:NO
1416:239,5507,9133,3704,2053,9409,3812,3938,7913,2246,3126,9174,498
1417:NO
1418:3587
1419:NO
1420:NO
1421:NO
1422:1456,8028,5102,3653,4534
1423:NO
1424:NO
1425:NO
1426:NO
1427:NO
1428:NO
1429:NO
1430:1744,7785,2855,5390,3981,6510,3684,5474
1431:614,5286,2747,6499,6393,955,9202,10,8266,1051,5662,1289,6018,801,7333,1054,2667,9002,997,508,5857,6467,4642,705,8693,1057,4168,4229,8901,8056,9758,9272,1624,7163,6828,9456,5269,5757,6155,9328,2841
1432:NO
1433:NO
1434:NO
1435:NO
1436:2037,6084,7388,7560,1794,2452
1437:NO
1438:NO
1439:6208,7379
1440:NO
1441:NO
1442:88
1443:2037,7896,2193,4136,675,9195,2019,3540,2732,5842,9199,7876,801,6182,6084,9372,440,7086,8701,8561,7388,8693,7934,7627,7384,3300,4254,4482,1992,4063,7641,539,1152,9956,9010,2265,2802,3639,1163,9285,6043,8073,1838,9429,325,5418,8589,1955,1054,5058,5789,873,5791,997,1963,328,9001,8101,3369,4977,7553,4160,7856,705,7560,1057,7177,3990,4723,8379,596,5931,8854,8611,2548,1694,1794,9814
1444:NO
1445:NO
1446:NO
1447:NO
1448:NO
1449:NO
1450:2232,7722,1579,6016,4694,7303,3511,7510,4848,8237
1451:NO
1452:NO
1453:NO
1454:NO
1455:NO
1456:NO
1457:7221
1458:NO
1459:NO
1460:9702,3449,2190,584,9694,9267,8077,520,5321,3942
1461:5231,8399,510,9213,7492,1638,1568,8815,5006,5873,460,2765,82
1462:9375
1463:NO
1464:NO
1465:NO
1466:NO
1467:NO
1468:4777
1469:NO
1470:239,580,5390,8667,7732,6747,3684,5474
1471:NO
1472:NO
1473:NO
1474:NO
1475:NO
1476:NO
1477:NO
1478:NO
1479:NO
1480:NO
1481:NO
1482:NO
1483:NO
1484:NO
1485:9997,118,2288
1486:2065,3285,2117,3421,9904,7486,8749,4263
1487:NO
1488:309,423
1489:NO
1490:NO
1491:NO
1492:NO
1493:356
1494:2020,251,3636
1495:NO
1496:NO
1497:1932
1498:NO
1499:NO
1500:NO
1501:NO
1502:NO
1503:NO
1504:NO
1505:9742,9719,1339,7195,1767,5945,9959,447,4708,9453,8232,524,7254,6630,1542,1303,5624,1926,1113,1475,4866,8514,6996,4848,9298,5339,3752
1506:8211,7889
1507:NO
1508:NO
1509:NO
1510:NO
1511:NO
1512:NO
1513:NO
1514:NO
1515:NO
1516:3473
1517:9953,8210,6519,4868,3331,8237,499
1518:NO
1519:NO
1520:NO
1521:NO
1522:6913
1523:NO
1524:NO
1525:NO
1526:NO
1527:NO
1528:NO
1529:NO
1530:NO
1531:627,1038,3041,7767
1532:NO
1533:NO
1534:NO
1535:NO
1536:NO
1537:2543,7921,9835,8231,3981,5494,4959,5634,5487,2188,963,1245,9847,9297
1538:NO
1539:NO
1540:NO
1541:NO
1542:NO
1543:NO
1544:NO
1545:NO
1546:5901,3971,3027,5580,5143
1547:NO
1548:NO
1549:7868
1550:NO
1551:NO
1552:NO
1553:NO
1554:9971,6165,7788,172,8007,3843,5800,4201
1555:7793
1556:8195,7482,7946
1557:NO
1558:NO
1559:NO
1560:3131,1492,4379,1813,5728,3334,5042,6993,4998,7339,9368,1796,1553,3788
1561:NO
1562:8482,8253,7073
1563:NO
1564:NO
1565:1579,7303,7510
1566:NO
1567:NO
1568:NO
1569:NO
1570:NO
1571:NO
1572:NO
1573:NO
1574:NO
1575:NO
1576:NO
1577:NO
1578:NO
1579:NO
1580:NO
1581:NO
1582:NO
1583:NO
1584:2883,518,5031,777
1585:NO
1586:NO
1587:NO
1588:NO
1589:2065,614,3651,3842
1590:NO
1591:3285,1102,2747,5225,8133,402,6685,950,1768,1088,7657,4263,2869,3421,2732,9904,3419,6656,9196,6669,810,1107,8401,811,9377,4647,3795,4369,5466,9534,4038,8772,3192,6718,1600,4043,9048,4227,3663,5750,8555,1996,9149,4945,8749,8321,5638,9965,6505,2497,5905,1569,2117,3200,8450,1288,7486,3899,2787,5170,1283,8578,1416,2938,3486,5890,9001,238,375,7977,6226,1677,2648,1676,5942,707,3742,5534,6355,1471,9701,7026,6055,9698,4862,4725,9706
1592:NO
1593:NO
1594:NO
1595:NO
1596:6935,9837,1097,9591,7656,2469,9000
1597:NO
1598:7652,2747,7896,2193,7422,4136,8266,12,7657,3540,9240,2732,7664,801,4637,4632,2455,810,1107,3795,6011,8774,4038,4100,5192,8561,7083,1875,7388,9521,8170,3567,7384,2471,3569,1387,4119,5757,1142,5750,4063,7641,2486,539,2265,5166,4679,5638,7108,3200,1838,866,631,8752,4017,873,4223,5169,9002,328,9001,4439,1544,5672,4168,834,596,5931,4725,1073,2306,9351,9202,1768,6682,4534,9904,6182,6084,8646,9372,1789,5591,652,1254,9648,5049,4227,6419,2361,662,6155,9645,5286,3883,1163,7223,1705,1003,6018,5776,1955,3899,5789,5791,9678,2938,508,1456,3369,6467,1677,9452,2648,1676,5110,970,5269,7442,2426
1599:NO
1600:NO
1601:NO
1602:NO
1603:1064
1604:NO
1605:NO
1606:9029,813
1607:NO
1608:9515,7254,2911
1609:NO
1610:5390,1216,3055,2210,1907
1611:NO
1612:NO
1613:NO
1614:NO
1615:NO
1616:NO
1617:NO
1618:7948,556,4412,1483
1619:NO
1620:NO
1621:NO
1622:1852,2848,6879,3460,6438,9963,9827,1029,6504,6856,3750,6930,562,2937,7611,4090,994,8280,6642,5858,3855,6604,519,3134,4779,4373,7493,915,2553,8856,8437,3861,1623
1623:NO
1624:1897,6656,936,839,488,5102,4263
1625:4662,8437,4457
1626:6677
1627:NO
1628:NO
1629:NO
1630:NO
1631:NO
1632:NO
1633:NO
1634:NO
1635:NO
1636:687,7011,1854,2821,4744,6705,9734,524,1392,5803,9241,7029,4587,4756,3516,5175
1637:NO
1638:NO
1639:NO
1640:NO
1641:NO
1642:NO
1643:NO
1644:NO
1645:NO
1646:NO
1647:NO
1648:8039
1649:NO
1650:NO
1651:NO
1652:NO
1653:NO
1654:NO
1655:NO
1656:NO
1657:NO
1658:3782
1659:NO
1660:9318
1661:9909,3757
1662:NO
1663:NO
1664:NO
1665:NO
1666:NO
1667:NO
1668:NO
1669:NO
1670:NO
1671:NO
1672:NO
1673:NO
1674:NO
1675:NO
1676:2922,1892
1677:NO
1678:NO
1679:NO
1680:NO
1681:NO
1682:NO
1683:2855,1711,5074,4623,3803,1470,5322,1742,9192,460,8113,5390,8795,7746,2178,5474,2942
1684:NO
1685:NO
1686:NO
1687:NO
1688:NO
1689:NO
1690:NO
1691:NO
1692:NO
1693:NO
1694:NO
1695:NO
1696:NO
1697:NO
1698:6757
1699:NO
1700:NO
1701:5231,5704,7346,9835,7825,6913,5074,5494,5634,3474,6934,5487,7215,2188,80,7880,9847,9297,8089,8220,8231,8232,6169,4988,5803,3454,9636,8556,965,8123
1702:NO
1703:NO
1704:NO
1705:NO
1706:NO
1707:NO
1708:NO
1709:NO
1710:NO
1711:NO
1712:NO
1713:NO
1714:NO
1715:NO
1716:NO
1717:NO
1718:8467
1719:7861,7617,3708,8035
1720:NO
1721:NO
1722:NO
1723:NO
1724:NO
1725:1973,2848,3281,2371,6438,6630,5365,9850,5068,8645,8020,2404,8498,6128,8978,2294,8355,5326,5734,861,498,5801,9938,7785,7367,2417,5389,124,9950,7919,5339
1726:NO
1727:NO
1728:NO
1729:NO
1730:2852,4287,1055,7427,978,3636
1731:5164,1160,3789,2910
1732:NO
1733:NO
1734:NO
1735:NO
1736:NO
1737:NO
1738:9833,2589,7794,471,5259,5728,3334,7417,8618,8587,4280,9034,6304,777
1739:NO
1740:NO
1741:NO
1742:NO
1743:NO
1744:NO
1745:NO
1746:NO
1747:NO
1748:7349,5551
1749:NO
1750:NO
1751:NO
1752:NO
1753:NO
1754:1864,6786
1755:NO
1756:NO
1757:9603
1758:NO
1759:NO
1760:NO
1761:9719,3855,9959,6705,3460,9453,524,7631,2464,7254,6174,1015,2219,5144,5485,3384,6930,8927,2248,8407,208
1762:NO
1763:NO
1764:NO
1765:NO
1766:NO
1767:NO
1768:NO
1769:NO
1770:NO
1771:8414
1772:NO
1773:3527,6331,2407,8928,4136,6534,3840,7023,9429,1596,2051,5759,7486,8457,4911,846,9814
1774:NO
1775:NO
1776:NO
1777:3855,4401,2,7825,4237,8268,7254,3328,5494,9767,4988,5803,104,5567,8863,6622,7334,3861,3516,5337
1778:NO
1779:NO
1780:NO
1781:NO
1782:NO
1783:NO
1784:7652,2747,5225,2193,7422,8266,12,7657,3540,9240,2732,7664,4865,4637,4632,4647,3795,8774,5466,4038,4100,5192,8561,7083,1875,1600,9521,3567,7384,2471,1624,5757,1142,8792,3583,4367,5750,5989,8555,7641,539,2265,5166,4679,5638,3200,866,5662,5418,631,8752,4017,7333,4223,9002,328,9001,5672,4168,834,6620,596,4725,1073,3947,955,9202,4263,6682,6669,8646,1789,4519,5591,1254,5049,7495,4227,914,6419,4795,2361,662,6155,420,6125,4330,5286,3883,1163,198,6043,1003,6018,7486,3899,1955,5789,9125,5791,9678,2938,997,508,1456,3369,6467,705,9452,2648,1676,1949,5269,5270,7442,8609,1694,722,2426
1785:NO
1786:NO
1787:5484,4067,3712,3238,7608,2999,3381,8866
1788:NO
1789:6783
1790:NO
1791:834,9452,1676
1792:NO
1793:NO
1794:NO
1795:NO
1796:2854,683,6806,8266,675,6682,3540,7664,9364,4865,4637,271,9237,440,1254,5049,4038,4642,8778,7388,9869,8777,8693,7934,8901,5992,4254,4482,1277,3576,4679,3640,6498,2681,9285,5289,5066,6652,7813,461,1003,1051,9429,631,2667,6644,5791,9678,1963,8101,2886,5117,5672,1057,4168,7177,4723,4420,5270,8611,2426
1797:NO
1798:NO
1799:NO
1800:NO
1801:NO
1802:903,9205
1803:NO
1804:NO
1805:4490
1806:NO
1807:NO
1808:NO
1809:NO
1810:NO
1811:NO
1812:NO
1813:NO
1814:6957
1815:NO
1816:NO
1817:NO
1818:NO
1819:NO
1820:NO
1821:NO
1822:6038,9029
1823:NO
1824:NO
1825:NO
1826:NO
1827:8846,9146,2006,8636,4192,8624,1813,5869,3068,8992,5034,4053,8094,8525,5139,1421,4754
1828:7188
1829:NO
1830:NO
1831:2154
1832:NO
1833:NO
1834:2117,6396,1849,5776,3605,3395,1689,5905,4519,1569
1835:NO
1836:NO
1837:NO
1838:NO
1839:NO
1840:7987
1841:NO
1842:NO
1843:NO
1844:NO
1845:NO
1846:NO
1847:NO
1848:NO
1849:NO
1850:NO
1851:239,2917,1099,584,3535,7732,3938,4478,4988,3126,498,3942,7296,8863,5507,9133,2190,9677,4120,9267,9297
1852:NO
1853:723
1854:NO
1855:7359
1856:9702,9241,2821,7215,7301,4587,9947,5236,2247,9647,7110,1060,4485,3632
1857:NO
1858:NO
1859:NO
1860:1338
1861:NO
1862:NO
1863:NO
1864:NO
1865:8775,3856
1866:NO
1867:NO
1868:NO
1869:NO
1870:NO
1871:NO
1872:NO
1873:NO
1874:NO
1875:NO
1876:NO
1877:NO
1878:NO
1879:3085
1880:NO
1881:NO
1882:NO
1883:NO
1884:NO
1885:NO
1886:NO
1887:NO
1888:NO
1889:NO
1890:NO
1891:NO
1892:NO
1893:NO
1894:NO
1895:NO
1896:NO
1897:NO
1898:NO
1899:NO
1900:6652,775,4865,8901
1901:NO
1902:1152,3947,5018,946,325,9199,6018,6182,6788,4223,7822,268,1524,7553,6530,7560,1949,4168,3990,5269,1562,2548,7719,1992,5207,7309
1903:NO
1904:NO
1905:NO
1906:NO
1907:8749
1908:NO
1909:NO
1910:NO
1911:4020,2527
1912:NO
1913:NO
1914:NO
1915:NO
1916:NO
1917:NO
1918:8160,537
1919:NO
1920:NO
1921:NO
1922:NO
1923:NO
1924:NO
1925:NO
1926:7826
1927:NO
1928:NO
1929:NO
1930:NO
1931:NO
1932:NO
1933:NO
1934:NO
1935:NO
1936:6212,8103,6844,4527,9474
1937:NO
1938:NO
1939:4332
1940:NO
1941:NO
1942:NO
1943:NO
1944:NO
1945:NO
1946:NO
1947:NO
1948:NO
1949:NO
1950:9938,1926,6962,3812,8809,7542,5615,1225,8628,1334
1951:NO
1952:NO
1953:NO
1954:2229
1955:NO
1956:NO
1957:NO
1958:9803
1959:NO
1960:5674,6821
1961:NO
1962:NO
1963:NO
1964:NO
1965:NO
1966:NO
1967:NO
1968:NO
1969:NO
1970:7458
1971:NO
1972:NO
1973:5645,7195,2371,2113,1579,7303,8559
1974:NO
1975:NO
1976:NO
1977:NO
1978:NO
1979:NO
1980:NO
1981:542
1982:1518,9899
1983:9719,2033,6128,9959,5936,6174,7280,2598,6890,8927,8645,8407,8458,8527
1984:NO
1985:NO
1986:NO
1987:NO
1988:NO
1989:NO
1990:239,2190
1991:NO
1992:NO
1993:NO
1994:9843
1995:NO
1996:NO
1997:NO
1998:NO
1999:NO
2000:NO
2001:NO
2002:NO
2003:NO
2004:NO
2005:NO
2006:NO
2007:NO
2008:NO
2009:8906,2440,5520,2007,9901,3696,9394,2216,4352,6656,5776,8028,6763,4639,3351,3956,1962,1996,2995
2010:NO
2011:NO
2012:NO
2013:NO
2014:7963,54,7338,1344
2015:NO
2016:NO
2017:9849,7824,1241,9280,4291
2018:NO
2019:NO
2020:NO
2021:6099,8295,7275,3257,9508,9205
2022:NO
2023:NO
2024:NO
2025:NO
2026:4604,7367,8546,8978,8355,3325,6293
2027:NO
2028:NO
2029:8767
2030:NO
2031:NO
2032:9138
2033:NO
2034:NO
2035:NO
2036:NO
2037:NO
2038:NO
2039:8465,3646,139,2608,5439,5710,3936,6685,8321,4683,8265,3468,5839,8764,7956,4024,3061,1107,4647,8906,4369,8288,3801,1873,6141,775,9698,2562,8854,8792,4367,62,362,1996
2040:NO
2041:NO
2042:NO
2043:4639
2044:NO
2045:9377,3080,8871,1689
2046:NO
2047:NO
2048:NO
2049:NO
2050:NO
2051:NO
2052:NO
2053:NO
2054:NO
2055:263
2056:NO
2057:NO
2058:NO
2059:NO
2060:NO
2061:NO
2062:NO
2063:6721,8632,5487,1200,3391,2846,1245,2621
2064:NO
2065:NO
2066:1207
2067:NO
2068:NO
2069:NO
2070:NO
2071:NO
2072:NO
2073:NO
2074:NO
2075:6071,282
2076:NO
2077:NO
2078:3103
2079:NO
2080:NO
2081:NO
2082:NO
2083:NO
2084:NO
2085:NO
2086:NO
2087:9311,7509,1622
2088:NO
2089:NO
2090:NO
2091:NO
2092:NO
2093:NO
2094:NO
2095:NO
2096:765
2097:NO
2098:NO
2099:NO
2100:6278
2101:NO
2102:NO
2103:NO
2104:NO
2105:7861,1818,8114,7617,3708,8035,6238,7207,7538,150
2106:NO
2107:NO
2108:NO
2109:NO
2110:NO
2111:7108
2112:NO
2113:NO
2114:NO
2115:NO
2116:NO
2117:NO
2118:NO
2119:NO
2120:NO
2121:NO
2122:NO
2123:NO
2124:5506,6904,6913,5074,8051,9359,7764,3940,8089,1470,4010
2125:NO
2126:NO
2127:1868
2128:NO
2129:6622,9133,2,9259,6261,3704,8513,9409,9289,8392,7913,2687
2130:215
2131:7413,9687,1504,7494,5655,8919,4290,1704
2132:NO
2133:NO
2134:NO
2135:NO
2136:NO
2137:3285,2117,3421,3899,6763,8749,5749
2138:NO
2139:NO
2140:NO
2141:NO
2142:NO
2143:4131,8277,5599,4580,1965,8559,4409,267,8336,8016,5974,1335,9704
2144:NO
2145:NO
2146:NO
2147:1152,3947,5018,946,325,9199,6018,6182,6788,4223,7822,268,1524,7553,6530,7560,1949,4168,3990,5269,1562,2548,7719,1992,5207,7309
2148:614,5286,2747,6499,6393,955,9202,10,8266,1051,5662,1289,6018,801,7333,1054,2667,9002,997,508,5857,6467,4642,705,8693,1057,4168,4229,8901,8056,9758,9272,1624,7163,6828,9456,5269,5757,6155,9328,2841
2149:NO
2150:NO
2151:NO
2152:4658
2153:NO
2154:7161,8534,6761,7731,194
2155:NO
2156:NO
2157:NO
2158:NO
2159:NO
2160:3940
2161:NO
2162:5245,3118,7778,1621,1515
2163:NO
2164:NO
2165:NO
2166:NO
2167:NO
2168:NO
2169:NO
2170:NO
2171:NO
2172:NO
2173:NO
2174:NO
2175:NO
2176:5679,5455,239,1627,5603,5360,7732,4623,2230
2177:NO
2178:NO
2179:7822,6141,7324
2180:NO
2181:NO
2182:NO
2183:5432,8195,7946,6879,8001,1029,3632,3750,9910,7482,4090,9434,2029,5785,3318,3855,1339,4504,8295,9112,4779,5585,8232,3257,8922,6622,8863,6702,9647,9271
2184:NO
2185:NO
2186:NO
2187:NO
2188:2306,7896,3293,4136,675,6682,9240,801,4865,2461,4637,4632,9372,2452,652,6011,5857,3795,174,4038,4642,5192,8561,7388,162,8170,3567,4230,6419,3569,6155,1277,4063,9645,3053,5286,4679,7108,2391,5066,1838,461,760,866,5662,4017,1955,3899,6254,873,2938,5169,328,6907,6470,4439,6467,2886,5117,7856,5110,834,970,8379,4557,3039,596,7583
2189:NO
2190:NO
2191:NO
2192:NO
2193:NO
2194:960
2195:4080
2196:NO
2197:NO
2198:NO
2199:9833,8587,9823,7994,6211,6404,7423,2589,5580,2089,9123,3334
2200:NO
2201:NO
2202:NO
2203:NO
2204:NO
2205:NO
2206:8195,7482,7946
2207:2371
2208:NO
2209:NO
2210:NO
2211:3944,1102,748,7104,4682,8073,3751,1838,5418,7664,2787,8646,9189,878,8567,5049,1340,8104,7324,7934,4903,7026,2361,5684,2904,5750,7640
2212:NO
2213:NO
2214:NO
2215:NO
2216:NO
2217:NO
2218:9719,5507,9959,8268,7254,6174
2219:NO
2220:NO
2221:NO
2222:NO
2223:NO
2224:9833
2225:NO
2226:NO
2227:3704,1096,2848,8809,7280,2457,6930,1660,266,4153,1105,3318,5858,4504,3558,519,8295,9858,5585,4373,7631,3803,9396,8795,8437,1623,8195,9680,3101,9289,8750,192,6504,6871,6517,9133,4696,7611,4457,2942,2540,1339,8232,7016,8109,4295,9312,7564,5144,6622,5098,2553,3516
2228:2358
2229:NO
2230:NO
2231:5714
2232:NO
2233:NO
2234:NO
2235:NO
2236:NO
2237:9194,8319,7281
2238:NO
2239:NO
2240:1387,8749
2241:NO
2242:NO
2243:NO
2244:NO
2245:2747,2193,7422,8266,12,7657,3540,9240,2732,7664,4637,4632,2452,8567,3795,6011,8774,5466,4038,4100,5192,7083,1875,7388,9521,3567,7934,7384,2471,6828,3569,7908,5757,1142,539,7641,2265,5166,4679,3042,5638,3200,866,1596,631,8752,4017,4223,5169,9002,878,9001,329,4439,1340,5672,4168,834,7297,1073,2306,3947,9202,6682,9196,8646,8401,1789,5591,652,1254,3674,5049,162,9660,4230,6419,2361,6155,1277,3653,5576,5286,748,3883,1163,461,1003,8589,6018,1955,3899,5789,5791,9678,2938,1416,7681,1963,508,1456,3369,6470,2886,6467,3605,705,9452,2648,1951,1676,5110,9456,5269,7442,8609,2426
2246:9056,5693,2440,2216,8028,7822,2995
2247:NO
2248:NO
2249:NO
2250:NO
2251:NO
2252:NO
2253:NO
2254:NO
2255:NO
2256:NO
2257:3258
2258:NO
2259:NO
2260:NO
2261:NO
2262:NO
2263:NO
2264:7409
2265:NO
2266:5018,5225,8133,6685,7422,950,1768,3395,8265,4534,155,9904,6656,9196,6669,4639,1107,8401,811,9377,4647,9648,9258,4369,5466,9534,8772,4043,1600,6718,7495,9048,3567,6832,3663,8792,62,1996,9149,1849,8321,9965,6505,2497,8450,8083,5776,6514,2787,5170,5791,5890,9001,238,375,5520,7977,6226,5942,4563,5534,6355,9701,9698,4862,6763,5684,362
2267:NO
2268:NO
2269:6212,1818,7617,3708,3445,8035,5820,7207
2270:7652,2037,5711,7896,4136,6682,9240,801,4865,4632,2455,9372,1789,5591,8906,7502,3795,174,4100,8561,7388,9521,8170,4227,4229,6419,8548,1142,662,6155,8798,4063,9645,5885,4330,5286,5166,4679,2681,9285,6043,7108,3751,7130,6652,1838,5662,4017,3899,873,2938,2121,328,5309,3369,4439,6467,1340,5110,970,4557,596,5270,364,722,1694
2271:NO
2272:1957
2273:8465,6433,3165,9295,5018,5225,2608,3640,5710,4683,9965,5839,8083,9196,6669,8457,5614,3061,8401,4647,238,5678,2407,5466,6227,1600,2709,1873,2711,2216,4183,5684,1376,4367,362
2274:3573
2275:NO
2276:NO
2277:NO
2278:8704,6304,4531,6190
2279:5722,1550,472,9827,693
2280:NO
2281:NO
2282:9034
2283:NO
2284:NO
2285:NO
2286:NO
2287:NO
2288:8339,5728
2289:NO
2290:NO
2291:NO
2292:NO
2293:9909,3757
2294:NO
2295:NO
2296:NO
2297:NO
2298:9686,2372,6976,4609,5018,6393,8133,3639,3936,950,4683,9965,6505,8867,946,2376,1979,3468,5780,1288,8083,801,939,1054,6254,1283,7681,2723,5890,7478,268,8772,5188,435,3596,7998,9698,9336,2562,4790,2365,4367,3031
2299:4420,4865,4679,3640,4637
2300:NO
2301:NO
2302:NO
2303:NO
2304:NO
2305:4030
2306:5231,5704,7346,9835,7825,6913,5074,5494,5634,3474,6934,5487,7215,2188,80,7880,9847,9297,8089,8220,8231,8232,6169,4988,5803,3454,9636,8556,965,8123
2307:NO
2308:NO
2309:NO
2310:NO
2311:NO
2312:NO
2313:NO
2314:NO
2315:NO
2316:NO
2317:8147,4089,1933
2318:NO
2319:4357
2320:NO
2321:NO
2322:NO
2323:1112
2324:NO
2325:NO
2326:5485,5022,2420,1113,2553,5301,1885,7076,2292,8527,3516,1061
2327:3285,5018,5225,8133,5710,402,6685,950,1768,8266,6682,5605,2732,9904,7664,6656,9196,6669,3683,3549,2723,4994,1107,8401,811,9377,4647,1254,3795,4369,5049,5466,9534,8772,3192,6718,1600,4043,9048,4227,5333,2562,3663,4911,5576,1996,9149,71,4945,6745,8321,9285,9965,6505,2497,8450,631,2787,5791,2938,1416,3486,5890,238,375,5520,7977,6226,5672,5942,4168,5534,6355,4723,9701,9698,4862,5102,9706,1689
2328:NO
2329:NO
2330:NO
2331:NO
2332:NO
2333:NO
2334:NO
2335:NO
2336:1022
2337:NO
2338:NO
2339:NO
2340:NO
2341:NO
2342:NO
2343:NO
2344:NO
2345:NO
2346:2765,5071,5074
2347:NO
2348:NO
2349:NO
2350:NO
2351:NO
2352:8785,8929
2353:NO
2354:NO
2355:NO
2356:NO
2357:9867
2358:4765,3081,5901,9942,7472,4971,4531,2089,8222,6190,1421,5143
2359:NO
2360:NO
2361:2062
2362:NO
2363:NO
2364:NO
2365:NO
2366:NO
2367:NO
2368:NO
2369:NO
2370:5054,3356,2715,9766,9284,9721
2371:5087,1971,6222,3228
2372:2966
2373:NO
2374:NO
2375:2747,2193,7422,12,8266,7657,3540,9240,2732,7664,560,4637,810,1107,3795,8774,4038,4100,5192,7083,1875,9521,3567,7384,2471,6832,1624,5757,1142,8792,539,7641,303,1849,2265,5166,4679,9285,5638,1569,3200,866,1051,5418,631,8752,4017,4223,9002,3486,9001,8101,4160,5672,7856,1057,4168,834,4723,4725,1073,1794,8937,9351,9202,675,3395,6682,155,9904,8646,9372,1789,440,5591,1254,9648,4236,5049,7495,6419,4254,2361,6155,9645,5286,9956,3883,1163,1003,9429,6018,1955,3899,6514,5789,5791,9678,2938,1416,1963,508,1456,3369,6467,705,9452,2648,1676,4563,1471,5269,6763,7442,9706,2426
2376:NO
2377:NO
2378:3944,6806,2904,9237
2379:NO
2380:6099,9959,8942,7275,2248,7604,4694,693,9742,9719,5052,3855,8295,9112,4779,918,9453,2464,1542,7254,3257,8237,6174,9515,2760,8785,8318,2911
2381:NO
2382:NO
2383:NO
2384:3303
2385:8471
2386:NO
2387:NO
2388:7769,957,3554
2389:NO
2390:NO
2391:NO
2392:NO
2393:NO
2394:5163,4522,5706,2492,1475,7946,9508
2395:NO
2396:NO
2397:NO
2398:NO
2399:NO
2400:NO
2401:NO
2402:683,3936,7896,3293,4136,6682,2019,9240,7664,801,4865,4637,8646,2026,9372,3795,5049,5192,8561,7388,5188,8170,7934,9660,6419,6828,2361,6155,420,4063,9645,303,4330,5286,9956,4679,3639,7108,1979,5780,1838,760,866,4017,2251,3899,7333,1054,1283,873,6254,9125,2938,1963,328,4439,6467,1544,1340,7856,4299,5110,834,970,596,722,367
2403:NO
2404:NO
2405:NO
2406:NO
2407:NO
2408:NO
2409:1970,6424,856,9723,9417,7091
2410:NO
2411:NO
2412:NO
2413:NO
2414:NO
2415:NO
2416:NO
2417:NO
2418:NO
2419:NO
2420:5752,3010
2421:2580,9046
2422:NO
2423:NO
2424:841
2425:NO
2426:5704,8942,4708,9453,2314,6169,7492,7764,1303,1638,2316,5006,1271,4049,5540,8513,8408,8123
2427:3869,8501
2428:NO
2429:NO
2430:NO
2431:6721,7785,5487,1200,6913,9995,9267,5595,9297,3942
2432:NO
2433:NO
2434:NO
2435:NO
2436:NO
2437:NO
2438:NO
2439:5608
2440:NO
2441:NO
2442:NO
2443:NO
2444:4034,801,4136,9814,9372
2445:NO
2446:NO
2447:NO
2448:NO
2449:NO
2450:NO
2451:NO
2452:34,4297,749
2453:NO
2454:NO
2455:NO
2456:NO
2457:NO
2458:NO
2459:7524
2460:NO
2461:NO
2462:NO
2463:NO
2464:NO
2465:NO
2466:NO
2467:NO
2468:NO
2469:NO
2470:NO
2471:NO
2472:8813
2473:NO
2474:NO
2475:NO
2476:NO
2477:NO
2478:NO
2479:NO
2480:NO
2481:NO
2482:NO
2483:7769,4390,830,522
2484:NO
2485:NO
2486:NO
2487:2306,3527,8801,9351,4609,8528,5711,2193,10,950,7657,946,4534,2869,939,560,4639,1107,8567,2002,5591,652,4236,5192,8772,5464,2817,7495,7384,1987,9272,7100,4795,4119,5207,3653,5576,2265,3639,9965,7223,8867,3200,6018,4223,7681,6907,1456,7553,5792,1677,3605,9452,2648,1676,1949,4168,5534,834,9701,6620,5269,9698,5102,2555,7442,2548,8489,7309,7713,2426
2488:NO
2489:NO
2490:5990
2491:NO
2492:NO
2493:NO
2494:9742,6099,8292,9014,4779,6438,8942,9453,3325,4803,1638,6752,7275,9575,4342,6642
2495:NO
2496:NO
2497:2186,2274
2498:NO
2499:NO
2500:5229,6976,4330,1021,3760,5439,9202,2802,3936,2142,2376,8205,1979,8083,801,1054,268,4398,9258,4369,8288,5188,9758,9272,7998,7163,6828,4352,9698,9336,2562,902,722,3105,1931,4367,6159,5749
2501:NO
2502:NO
2503:NO
2504:NO
2505:NO
2506:NO
2507:NO
2508:NO
2509:NO
2510:NO
2511:NO
2512:NO
2513:NO
2514:2065,8801,3285,2440,2747,2193,950,1088,7657,4263,4534,2869,9056,3421,9904,8028,939,5612,810,2995,2002,788,4369,5192,4038,8772,4043,2106,435,521,5333,4119,5750,2365,8555,3653,5576,2486,6262,2265,8749,8321,5638,4682,9965,7223,2376,2497,5905,1569,2117,3200,8450,1288,7486,6514,3899,5170,2787,1283,4223,7822,2938,7681,9001,329,1456,4303,1677,1676,2648,707,1949,4168,1471,5265,7026,5693,9698,5102,4725,2555,7719,6763,8609,8489
2515:6870
2516:213
2517:9953,1032,8195,6774,2848,3281,5585,3331,542,8283
2518:NO
2519:NO
2520:NO
2521:NO
2522:NO
2523:NO
2524:NO
2525:1492,3238,9907,3136
2526:NO
2527:NO
2528:NO
2529:NO
2530:9861,8127,3940
2531:NO
2532:NO
2533:NO
2534:NO
2535:NO
2536:NO
2537:NO
2538:8107
2539:8757,7710,2490
2540:NO
2541:NO
2542:2001,6957
2543:NO
2544:8205
2545:NO
2546:NO
2547:1200
2548:NO
2549:NO
2550:NO
2551:NO
2552:NO
2553:NO
2554:NO
2555:NO
2556:NO
2557:NO
2558:NO
2559:1932
2560:8801,9351,5792,2555,9452,4223,7309,946
2561:NO
2562:3936,362
2563:5098,2553,8437
2564:NO
2565:NO
2566:NO
2567:NO
2568:NO
2569:NO
2570:NO
2571:NO
2572:2081,546,3627,4509
2573:2292,9865
2574:NO
2575:NO
2576:5229,683,4330,9956,338,3883,3639,7896,1163,2045,8867,7108,1003,2019,801,2251,7333,1054,6254,1283,9125,1963,7502,1544,4100,7856,5188,9521,7384,9660,7190,970,6828,7908,7442,4482,1142,902,722,3105,1376,420,9645,6159,5749,303
2577:NO
2578:NO
2579:1456,5192,4038,2265,2747,1677,1676,2193,2648,5638,7657,4168,2869,3200,3899,4223,1283,1073,2938,9001
2580:9308,1736,5479,3111
2581:NO
2582:NO
2583:NO
2584:NO
2585:NO
2586:NO
2587:NO
2588:6423
2589:NO
2590:NO
2591:NO
2592:NO
2593:NO
2594:NO
2595:7054,8395,4779,6879,2623,1707,1029,1908,499,9909,8210,3750,7636,1384,628,8678,3757,542,9434,5785,8157
2596:NO
2597:NO
2598:NO
2599:NO
2600:NO
2601:NO
2602:NO
2603:NO
2604:NO
2605:NO
2606:NO
2607:NO
2608:6770,6400,4708,1303,3940,8378,3454,2901,5240,5301,9636,995,2942
2609:NO
2610:NO
2611:NO
2612:NO
2613:NO
2614:NO
2615:NO
2616:8393
2617:NO
2618:NO
2619:NO
2620:2234,1358,8860,3867,4428
2621:7188
2622:NO
2623:NO
2624:NO
2625:NO
2626:4405,5222,8930,5079,2409,5721,5752,7875,9029,251,1112,6272,7777,3587,7039
2627:NO
2628:NO
2629:NO
2630:NO
2631:NO
2632:7652,3165,5225,8133,6685,2622,950,1768,1088,3395,5839,2732,9904,6656,9196,6669,2058,5959,4632,2455,1107,8401,811,4519,9377,8567,4647,4369,5466,9534,8772,6718,1600,4043,9048,1873,4227,521,2471,775,6116,4795,1387,3663,4119,3583,8555,1996,8465,9149,6396,1849,8321,198,9965,6505,2497,5905,1569,3080,2117,2794,8450,5776,2787,9678,9845,3486,5890,238,375,7977,4160,6226,5792,9592,1547,1677,3605,5942,5534,6355,1471,834,3596,9701,9698,4862,9941,4725,7713
2633:NO
2634:NO
2635:6512
2636:NO
2637:NO
2638:NO
2639:NO
2640:NO
2641:1757
2642:NO
2643:NO
2644:NO
2645:NO
2646:7346,6831,7467,9775,6347,189,4696,1557,8827,8017,8476,725
2647:7278
2648:5366,8721,9384,6521
2649:NO
2650:NO
2651:NO
2652:NO
2653:NO
2654:NO
2655:NO
2656:NO
2657:NO
2658:NO
2659:NO
2660:NO
2661:NO
2662:NO
2663:4067
2664:4408
2665:1022
2666:NO
2667:NO
2668:NO
2669:NO
2670:NO
2671:NO
2672:NO
2673:NO
2674:NO
2675:4707
2676:NO
2677:NO
2678:NO
2679:NO
2680:NO
2681:NO
2682:NO
2683:NO
2684:NO
2685:NO
2686:NO
2687:NO
2688:NO
2689:NO
2690:NO
2691:6568,8739,2513
2692:NO
2693:723
2694:NO
2695:NO
2696:6606,5231,8469,3343,6169,8034,7492,8477,4719,1392,1568,8815,5006,5873,5960,82,2178,4669,4246
2697:NO
2698:3930,4353,1492,3068,7339,5894,4379,9368,1813,5728
2699:3285,2117,3421,3899,8749
2700:NO
2701:4337
2702:9953,8566,7920,6137,1228,8692,8016,3465,1830,7991,542
2703:2,4504,2294,3535,2921,6409,4295,520,3126,7767,9133,2053,6087,3864,4028,8157
2704:NO
2705:NO
2706:NO
2707:5265,7297,6652,1003,9771,4482,679,8693,8489,9880,8901,329
2708:NO
2709:NO
2710:NO
2711:NO
2712:NO
2713:NO
2714:NO
2715:NO
2716:1818,7617,3708,8035,7207
2717:NO
2718:NO
2719:NO
2720:NO
2721:9056,4945,1730,2787,5188,9251,1416,7583,4396,2706
2722:NO
2723:NO
2724:NO
2725:7943
2726:3540,1003,4038,7442,4482,6155,1073,12,6682,2426
2727:NO
2728:NO
2729:NO
2730:6099,6569,8873,6438,7661,4803,8005,7280,2598,6930,7275,8645,4696,6642,8498,6128,8295,4779,1816,5326,3257,861,498,5801,6890,1926,2417,8927,5389,124
2731:2,7890,8803,1099,6438,3328,6630,8268,9767,7334,1660,4028,4153,8280,1339,4237,6409,7254,4988,8863,5507,6622,3861,7913,3516,5339
2732:NO
2733:NO
2734:NO
2735:NO
2736:NO
2737:NO
2738:NO
2739:3711,7691,24
2740:NO
2741:NO
2742:NO
2743:NO
2744:9177,5019,4602,8184,6001
2745:NO
2746:NO
2747:NO
2748:NO
2749:NO
2750:1222
2751:NO
2752:NO
2753:NO
2754:NO
2755:NO
2756:1152,2440,5018,9901,2376,8265,4534,325,9199,6182,8028,6514,7822,9372,1524,1456,7553,6164,853,7436,7560,435,6141,7324,3990,9758,1562,4254,7719,2548,5447,6763,1992,2365,1794,3653
2757:NO
2758:NO
2759:NO
2760:NO
2761:NO
2762:NO
2763:NO
2764:NO
2765:NO
2766:NO
2767:NO
2768:NO
2769:3945,5268
2770:NO
2771:NO
2772:NO
2773:NO
2774:NO
2775:NO
2776:NO
2777:NO
2778:NO
2779:NO
2780:NO
2781:NO
2782:NO
2783:7130,4557,4227,4063
2784:NO
2785:NO
2786:NO
2787:NO
2788:NO
2789:NO
2790:NO
2791:NO
2792:NO
2793:NO
2794:NO
2795:NO
2796:7215,9995,2451,9297
2797:NO
2798:NO
2799:NO
2800:NO
2801:7998,9698,1283,9965,268
2802:NO
2803:NO
2804:NO
2805:NO
2806:NO
2807:NO
2808:NO
2809:NO
2810:NO
2811:NO
2812:4903
2813:NO
2814:NO
2815:NO
2816:NO
2817:NO
2818:NO
2819:NO
2820:NO
2821:6150
2822:NO
2823:NO
2824:NO
2825:NO
2826:NO
2827:NO
2828:NO
2829:NO
2830:NO
2831:NO
2832:NO
2833:NO
2834:NO
2835:1067,1814
2836:NO
2837:8567,3647,9351,683,1544,7231,3936,8867,946,7190,9362,3066,2969,5207,9645,2426,4545
2838:9311,7509,1622
2839:NO
2840:NO
2841:NO
2842:7908
2843:1340
2844:NO
2845:NO
2846:NO
2847:NO
2848:7906,8717
2849:8049
2850:1021,7856,4299,5439,7495,6832,1624,5662,760,3066,8083,7333,2969,367,5207,1794,2365,6159,303
2851:8784,5078
2852:NO
2853:NO
2854:NO
2855:NO
2856:NO
2857:NO
2858:NO
2859:NO
2860:NO
2861:NO
2862:NO
2863:NO
2864:NO
2865:NO
2866:NO
2867:NO
2868:NO
2869:7531,4898,4390,1297,526,1209,830,3888,2859
2870:NO
2871:NO
2872:NO
2873:4256
2874:NO
2875:NO
2876:NO
2877:NO
2878:NO
2879:6575,797,4991
2880:NO
2881:NO
2882:NO
2883:NO
2884:9816,5823
2885:156,7897,2518,350,4256
2886:NO
2887:NO
2888:644,2381
2889:NO
2890:NO
2891:NO
2892:NO
2893:NO
2894:NO
2895:6303
2896:NO
2897:NO
2898:1207
2899:NO
2900:NO
2901:NO
2902:NO
2903:NO
2904:NO
2905:NO
2906:NO
2907:NO
2908:NO
2909:NO
2910:NO
2911:NO
2912:NO
2913:NO
2914:NO
2915:NO
2916:NO
2917:NO
2918:NO
2919:NO
2920:NO
2921:NO
2922:6099,5706,2848,2371,6438,2314,6630,4803,1638,1303,4203,5624,257,7275,6930,1113,4866,8514,9978,6642,9742,2404,7195,6904,7012,3608,4779,447,4708,9453,8232,7016,1542,1392,1926,2760,5873,4049,9575,124,7919,5339
2923:NO
2924:NO
2925:NO
2926:NO
2927:NO
2928:NO
2929:5231,7921,9835,6169,8477,1536,4959,5634,6934,9160,2527,4929,8368,417,3030,1757,965,4246
2930:NO
2931:NO
2932:NO
2933:NO
2934:NO
2935:NO
2936:NO
2937:NO
2938:NO
2939:NO
2940:NO
2941:NO
2942:NO
2943:NO
2944:NO
2945:NO
2946:NO
2947:NO
2948:NO
2949:NO
2950:6151
2951:7292,3265,6165,734,9111,1042,9722,7489
2952:NO
2953:NO
2954:NO
2955:NO
2956:NO
2957:NO
2958:2630,9765,1198
2959:5230,8082,6415
2960:NO
2961:NO
2962:4977,1719,5418,3419,596,8561,9988,5750,328,8073
2963:NO
2964:NO
2965:4932,2906
2966:NO
2967:NO
2968:NO
2969:NO
2970:NO
2971:NO
2972:NO
2973:NO
2974:3741
2975:NO
2976:NO
2977:NO
2978:6770,8378,5240,995
2979:NO
2980:2176
2981:NO
2982:NO
2983:NO
2984:NO
2985:NO
2986:3782
2987:NO
2988:NO
2989:NO
2990:NO
2991:NO
2992:NO
2993:NO
2994:NO
2995:NO
2996:NO
2997:3901,2398,6647
2998:6099,9959,8942,7275,2248,7604,693,9742,5052,9719,8295,9112,4779,918,9453,2464,1542,7254,3257,6174,2760,9515,8785,3864,8318,2911
2999:NO
3000:3199,2323,8618,1081,4898,4243,1246
3001:NO
3002:NO
3003:7652,2306,8936,9202,7422,8266,1088,7657,3395,6682,5605,7664,3683,4632,4994,811,4519,9377,652,1254,5049,9534,4038,8772,1600,7388,3327,3567,4227,5333,6116,4795,3569,1387,4119,4911,1277,3583,8555,6125,6396,1849,6745,5638,3042,198,6505,5905,1569,3080,2117,461,631,5776,1955,6644,5791,5169,3486,5890,329,2886,4160,6226,5792,9592,5672,1547,1677,3605,8988,3742,4563,4168,1471,9701,9103,4862,5102,9941,5270,4725,1689,7713
3004:NO
3005:NO
3006:NO
3007:NO
3008:NO
3009:NO
3010:NO
3011:5898
3012:NO
3013:NO
3014:NO
3015:2037,5711,4679,8748,2681,9285,5289,7108,5066,6652,866,6018,631,4017,2251,4865,5789,6254,873,4637,5309,7502,1254,1340,5192,7856,5672,9869,9521,8170,8693,4229,8901,834,775,8548,5269,5270,1142,1694,4063
3016:595,6602,4404,7379,9287,8716
3017:NO
3018:5487,7946,8232,6531,7216,6761,7686,1997
3019:NO
3020:NO
3021:NO
3022:NO
3023:3542,4945,1021,7908,7856,4299,5188,2604,2723
3024:3986
3025:NO
3026:NO
3027:NO
3028:NO
3029:NO
3030:NO
3031:NO
3032:NO
3033:NO
3034:NO
3035:NO
3036:NO
3037:7600,5100,885,2857
3038:NO
3039:NO
3040:NO
3041:NO
3042:NO
3043:NO
3044:NO
3045:NO
3046:NO
3047:NO
3048:1579,3134,5945,7894,447,7076,3533,8812,6111,9205,1015,3474,1113,7303,4848,9647,89,7265
3049:NO
3050:NO
3051:NO
3052:NO
3053:NO
3054:NO
3055:NO
3056:NO
3057:NO
3058:NO
3059:NO
3060:NO
3061:NO
3062:NO
3063:NO
3064:NO
3065:8210,5022,7482,8512,7498,6087,6153,2623,4324,7125,1061,499
3066:NO
3067:NO
3068:NO
3069:NO
3070:1767,4541,7946,2371,8392,142,1228,9284,1225,5624,2598,7482,5365,8514,2661,9298,4701,8498,6128,717,3134,784,447,9453,8232,6137,7493,1542,5326,3325,861,498,5801,1334,6890,1926,2417,2360,124
3071:NO
3072:5701
3073:NO
3074:NO
3075:8631
3076:NO
3077:NO
3078:NO
3079:NO
3080:NO
3081:NO
3082:NO
3083:NO
3084:NO
3085:NO
3086:NO
3087:NO
3088:NO
3089:NO
3090:NO
3091:NO
3092:NO
3093:NO
3094:NO
3095:1161
3096:1744,7785,2855,5390,3981,6510,3684,5474
3097:4020
3098:5645,4504,1430,7946,8232,8692,3938,5262,1945,5416,6761,7686,1105,7919,1997
3099:NO
3100:2613
3101:NO
3102:NO
3103:NO
3104:NO
3105:NO
3106:417
3107:NO
3108:NO
3109:NO
3110:NO
3111:475,9124
3112:NO
3113:NO
3114:NO
3115:NO
3116:2760,5706,7604,8942,693,7919,1031
3117:NO
3118:NO
3119:508,3369,2747,5192,7422,2648,8266,12,2471,8379,1289,1955,5757,5058,8646,9002,2426
3120:NO
3121:NO
3122:NO
3123:NO
3124:NO
3125:NO
3126:NO
3127:8498,1816,8232,6137,8809,5326,5624,861,8922,1926,2417,8514,2661,4363,2360,124,9673,4364
3128:6003
3129:NO
3130:NO
3131:NO
3132:NO
3133:NO
3134:NO
3135:NO
3136:NO
3137:NO
3138:NO
3139:6013,585
3140:NO
3141:NO
3142:NO
3143:NO
3144:NO
3145:NO
3146:NO
3147:5333,5605,1254,5049,631,7664,2265,5672,5791,8266,4168,6682,2471
3148:3165
3149:NO
3150:7312
3151:NO
3152:5245
3153:NO
3154:9909,3757
3155:2747,8528,5711,2193,7422,7896,12,8266,7657,3540,9240,2732,7664,4637,4396,1107,9258,3795,8288,8774,4100,4038,5192,7083,1875,9048,9521,3567,2466,7384,2471,8548,7908,1387,5757,1142,1376,539,7641,5749,4945,6396,2265,5166,4679,8749,5638,3200,866,631,4017,8752,4223,9002,9001,1547,5672,5942,4168,834,1073,9351,9202,6682,8646,1789,5591,1254,7502,5049,5312,7495,6419,4795,2361,662,6155,9645,4330,5286,3883,6745,1163,1003,6018,3899,1955,5789,5791,9678,2938,508,1456,3369,6467,5792,9452,2648,1676,1949,970,9701,9456,5269,7442,722,3105,2426
3156:NO
3157:NO
3158:NO
3159:NO
3160:NO
3161:NO
3162:NO
3163:NO
3164:NO
3165:NO
3166:NO
3167:NO
3168:NO
3169:7102
3170:NO
3171:NO
3172:6150
3173:NO
3174:NO
3175:NO
3176:NO
3177:NO
3178:NO
3179:NO
3180:NO
3181:NO
3182:3663,4043,2787,8321,2497
3183:NO
3184:NO
3185:6721,2621
3186:NO
3187:7296,357,8803,3928,1430,7946,1099,8127,2694,4701,6871,1242
3188:NO
3189:NO
3190:NO
3191:NO
3192:NO
3193:NO
3194:NO
3195:8937,3887,2747,6499,5710,2681,9285,944,8266,2794,6652,760,9002,4994,8988,3801,3327,4832,4047,4168,9103,4862,5270,6882,4911,5989,1689,2841
3196:NO
3197:NO
3198:NO
3199:NO
3200:NO
3201:NO
3202:8765,402,3189
3203:NO
3204:NO
3205:NO
3206:NO
3207:NO
3208:NO
3209:NO
3210:3647,3527,1152,7824,9010,2802,4685,3469,8073,9195,9372,7553,6164,9592,2817,7436,3742,3990,7177,293,9941,9988,2548,7719,2904,243,4545
3211:NO
3212:NO
3213:NO
3214:NO
3215:7050
3216:NO
3217:NO
3218:NO
3219:NO
3220:NO
3221:8413,8840,8624,9882
3222:NO
3223:NO
3224:NO
3225:NO
3226:NO
3227:NO
3228:NO
3229:NO
3230:NO
3231:NO
3232:NO
3233:NO
3234:NO
3235:NO
3236:8404
3237:6099,9959,8942,7275,2248,7604,693,9742,5052,9719,8295,9112,4779,918,9453,2464,1542,7254,3257,6174,2760,9515,8785,3864,8318,2911
3238:NO
3239:NO
3240:NO
3241:NO
3242:NO
3243:NO
3244:NO
3245:NO
3246:NO
3247:NO
3248:NO
3249:NO
3250:NO
3251:NO
3252:NO
3253:NO
3254:NO
3255:NO
3256:NO
3257:NO
3258:6012,3003,6200,7850,6309
3259:3131,1813,1553,1496,5042
3260:NO
3261:NO
3262:NO
3263:NO
3264:531
3265:NO
3266:NO
3267:NO
3268:NO
3269:NO
3270:NO
3271:NO
3272:NO
3273:7016
3274:5332,3855,1852,4007,7334,3626,8927,142,8232,8001,7493,5734,9271
3275:NO
3276:6757,4479
3277:2808,4601,2037,2681,4136,9087,12,2019,5842,325,9199,801,1955,2251,1054,5058,271,9372,9237,440,6470,5117,5192,8778,3326,2648,9869,9251,914,7627,2706,4230,7177,5992,8379,7452,5931,1992,1277,9814
3278:NO
3279:NO
3280:NO
3281:9687,5655
3282:2777,4620,976
3283:NO
3284:NO
3285:NO
3286:NO
3287:NO
3288:NO
3289:NO
3290:NO
3291:NO
3292:NO
3293:NO
3294:NO
3295:NO
3296:NO
3297:NO
3298:NO
3299:NO
3300:NO
3301:NO
3302:NO
3303:NO
3304:4067,7252,7821,1831,4821
3305:NO
3306:NO
3307:NO
3308:NO
3309:NO
3310:835,5676,6728
3311:NO
3312:NO
3313:NO
3314:NO
3315:NO
3316:NO
3317:NO
3318:1621
3319:NO
3320:NO
3321:NO
3322:NO
3323:NO
3324:NO
3325:NO
3326:NO
3327:8784,5078
3328:NO
3329:NO
3330:NO
3331:NO
3332:NO
3333:NO
3334:NO
3335:NO
3336:NO
3337:NO
3338:NO
3339:NO
3340:NO
3341:NO
3342:NO
3343:NO
3344:NO
3345:NO
3346:NO
3347:NO
3348:NO
3349:NO
3350:NO
3351:NO
3352:NO
3353:NO
3354:NO
3355:NO
3356:NO
3357:6179,5455,1200,4572,2474,9607,3799,2846,5595,9799
3358:2065,3285,2440,2747,8133,402,2042,1088,7657,4263,4534,2869,1897,3421,9904,8028,810,788,4369,5466,4038,4043,521,5333,5759,4911,3651,5750,8555,3653,614,8749,8321,4682,5638,2497,2376,5905,1569,2117,3200,8450,1596,7486,6514,3899,2787,5170,8457,2938,9001,1456,238,1677,2648,1676,707,6355,1471,834,7026,488,4862,5102,4725,6763
3359:9240,8752,4017,7083
3360:NO
3361:4795,5166,3583,4519
3362:NO
3363:NO
3364:6372,5884
3365:NO
3366:318
3367:NO
3368:NO
3369:NO
3370:NO
3371:NO
3372:NO
3373:NO
3374:NO
3375:4405,7777,2409,8832,3587
3376:NO
3377:NO
3378:NO
3379:NO
3380:NO
3381:NO
3382:NO
3383:NO
3384:NO
3385:NO
3386:7434,4144,1354
3387:NO
3388:NO
3389:NO
3390:NO
3391:NO
3392:NO
3393:NO
3394:NO
3395:NO
3396:NO
3397:3945,8700,8889,1877
3398:NO
3399:NO
3400:NO
3401:1152,8748,4682,6043,1838,1051,461,325,5418,9199,8589,6182,6084,5058,997,9372,328,238,4034,2886,8561,7388,8170,7560,8693,7934,7177,834,3990,4723,8548,7163,9456,596,4254,8611,4482,9095,1992,1794,7640
3402:NO
3403:NO
3404:7292,6366,9145,9008,9111,8034,7492,9722,2378,4719,711,1568,4201,7489,8815,7161,7785,5365,3265,219
3405:NO
3406:NO
3407:NO
3408:332
3409:NO
3410:NO
3411:NO
3412:2375
3413:NO
3414:NO
3415:NO
3416:NO
3417:6054,6647,3578,6954
3418:NO
3419:687,9803,7346,472,406,3940,1063,9160,1200,5487,8181,1245,8017
3420:NO
3421:NO
3422:NO
3423:2571
3424:NO
3425:NO
3426:NO
3427:9510
3428:NO
3429:NO
3430:NO
3431:NO
3432:NO
3433:5265,7297,6652,1003,9771,4482,679,8693,8489,9880,8901,329
3434:NO
3435:NO
3436:NO
3437:NO
3438:NO
3439:NO
3440:NO
3441:234
3442:NO
3443:NO
3444:NO
3445:NO
3446:NO
3447:NO
3448:NO
3449:3708
3450:NO
3451:NO
3452:NO
3453:2314
3454:NO
3455:NO
3456:NO
3457:NO
3458:NO
3459:NO
3460:NO
3461:NO
3462:NO
3463:668,356,2766,8624,2335,1421
3464:NO
3465:NO
3466:3986
3467:NO
3468:NO
3469:NO
3470:NO
3471:NO
3472:NO
3473:NO
3474:NO
3475:NO
3476:NO
3477:NO
3478:507
3479:NO
3480:NO
3481:NO
3482:NO
3483:NO
3484:NO
3485:NO
3486:NO
3487:NO
3488:NO
3489:NO
3490:NO
3491:NO
3492:NO
3493:8730
3494:NO
3495:NO
3496:NO
3497:NO
3498:8447,1344
3499:NO
3500:NO
3501:NO
3502:NO
3503:NO
3504:NO
3505:NO
3506:NO
3507:NO
3508:NO
3509:9202,7896,3293,4136,6682,9240,9199,801,936,6182,2023,6084,9372,9189,2452,3795,8561,1875,7388,8170,8693,7934,9758,6419,6828,4254,2361,4482,6155,1992,4063,9645,539,5885,1152,5286,4679,3883,2802,6043,7108,1838,325,5418,8589,4017,3899,5058,873,2938,997,328,4439,4977,5117,6467,853,7560,5110,7177,3990,970,4723,7163,596,8611,9095,1931,1794
3510:7652,6260,3293,2622,6043,195,3080,5662,4632,2121,9189,328,9236,4519,8906,4977,174,4160,8561,5792,9592,3326,9521,4227,7163,4903,9941,4725,7719,1142,9095,4548,3583,243,6125,2841
3511:NO
3512:NO
3513:NO
3514:NO
3515:NO
3516:NO
3517:NO
3518:NO
3519:NO
3520:NO
3521:NO
3522:NO
3523:5098,2553,8437
3524:NO
3525:NO
3526:8119,4903,4369,1645,707,1931
3527:NO
3528:NO
3529:NO
3530:NO
3531:NO
3532:NO
3533:NO
3534:NO
3535:NO
3536:NO
3537:NO
3538:NO
3539:NO
3540:NO
3541:NO
3542:NO
3543:NO
3544:5679,1744,2285,1627,460,8113,1216,7746,8760,4246,1742
3545:NO
3546:NO
3547:2391,2808
3548:NO
3549:NO
3550:NO
3551:NO
3552:NO
3553:NO
3554:3131,1492,4379,1813,5728,3334,5042,6993,4998,7339,9368,1796,1553,3788
3555:NO
3556:NO
3557:NO
3558:NO
3559:NO
3560:NO
3561:NO
3562:NO
3563:2043
3564:NO
3565:2922
3566:NO
3567:NO
3568:9273,6693,8395,628,9472,8678,7122,6001,1707,1452,5111,4110
3569:NO
3570:3651
3571:7055,4391,25,8779,267,8475,8007,9432,181
3572:NO
3573:NO
3574:790
3575:NO
3576:NO
3577:5462
3578:NO
3579:NO
3580:NO
3581:NO
3582:NO
3583:NO
3584:NO
3585:NO
3586:2306,7896,3293,4136,675,6682,9240,801,4865,2461,4637,4632,9372,2452,652,6011,5857,3795,174,4038,4642,5192,8561,7388,162,8170,3567,4230,6419,3569,6155,1277,4063,9645,3053,5286,4679,7108,2391,5066,1838,461,760,866,5662,4017,1955,3899,6254,873,2938,5169,328,6907,6470,4439,6467,2886,5117,7856,5110,834,970,8379,4557,3039,596,7583
3587:NO
3588:NO
3589:NO
3590:NO
3591:NO
3592:4099,5587,4404,6793,3238,648,2695,2999,8714,4992,6463
3593:NO
3594:NO
3595:NO
3596:NO
3597:NO
3598:NO
3599:NO
3600:NO
3601:NO
3602:5723
3603:6873,3436,5117,8097,6466,8002,2106,1949,5943,7765,4594,1746,6151,2667,3576,5989,2841,4398
3604:NO
3605:NO
3606:NO
3607:NO
3608:NO
3609:NO
3610:NO
3611:NO
3612:NO
3613:NO
3614:8413,5320
3615:2306,652,3419
3616:NO
3617:NO
3618:NO
3619:NO
3620:NO
3621:NO
3622:NO
3623:NO
3624:7652,1849,2802,2622,3293,3395,195,8265,1979,1838,5776,2023,5612,4632,2455,9372,9189,328,9236,4977,6164,174,8561,9592,1677,7388,5943,4227,6141,7324,9315,7163,3719,596,9941,1387,4119,4254,364,9095,367,1794,8798
3625:NO
3626:NO
3627:NO
3628:NO
3629:216,1618,8386
3630:NO
3631:NO
3632:NO
3633:7228
3634:NO
3635:NO
3636:NO
3637:NO
3638:NO
3639:NO
3640:NO
3641:NO
3642:NO
3643:NO
3644:NO
3645:NO
3646:NO
3647:NO
3648:NO
3649:NO
3650:NO
3651:9507
3652:NO
3653:NO
3654:NO
3655:NO
3656:NO
3657:NO
3658:NO
3659:NO
3660:9346,9040,3198,4036,4623,9359,1028,3941,5487,6722,9396,2113,4416,126,1245,8089,7004
3661:NO
3662:NO
3663:NO
3664:NO
3665:NO
3666:NO
3667:NO
3668:7934
3669:NO
3670:NO
3671:NO
3672:NO
3673:NO
3674:NO
3675:NO
3676:NO
3677:NO
3678:NO
3679:NO
3680:NO
3681:NO
3682:NO
3683:NO
3684:NO
3685:NO
3686:7652,2747,7896,2193,7422,4136,8266,12,7657,3540,9240,2732,7664,801,4637,4632,2455,810,1107,3795,6011,8774,4038,4100,5192,8561,7083,1875,7388,9521,8170,3567,7384,2471,3569,1387,4119,5757,1142,5750,4063,7641,2486,539,2265,5166,4679,5638,7108,3200,1838,866,631,8752,4017,873,4223,5169,9002,328,9001,4439,1544,5672,4168,834,596,5931,4725,1073,2306,9351,9202,1768,6682,4534,9904,6182,6084,8646,9372,1789,5591,652,1254,9648,5049,4227,6419,2361,662,6155,9645,5286,3883,1163,7223,1705,1003,6018,5776,1955,3899,5789,5791,9678,2938,508,1456,3369,6467,1677,9452,2648,1676,5110,970,5269,7442,2426
3687:NO
3688:NO
3689:NO
3690:2065,6036,4038,9592,1645,281,5638,1088,9313,7657,5905,9161,1288,6055,3419,9941,9988,5170,5612,8578
3691:NO
3692:NO
3693:NO
3694:NO
3695:5653
3696:3131,5504,2780,3003,1106
3697:NO
3698:NO
3699:NO
3700:NO
3701:NO
3702:NO
3703:NO
3704:4420,4865,4679,3640,4637
3705:NO
3706:NO
3707:2598,8534,5019,1780,2292,2194,4701,9865,194
3708:NO
3709:NO
3710:2540,8588,1993,9432
3711:NO
3712:NO
3713:99,7991
3714:NO
3715:5704,8942,4708,9453,2314,6169,7492,7764,1303,1638,2316,5006,1271,4049,5540,8513,8408,8123
3716:NO
3717:NO
3718:NO
3719:NO
3720:NO
3721:NO
3722:NO
3723:NO
3724:NO
3725:NO
3726:NO
3727:7652,2747,8133,7896,7422,2193,4136,8266,12,7657,1897,3540,9240,2732,7664,801,560,4637,4632,810,9258,3795,8774,4038,4100,4642,5192,8561,7083,1875,7388,9521,8170,3567,7384,2471,9272,3569,1387,4119,5757,1142,5750,4063,7641,539,2265,5166,4679,2802,3042,5638,7108,3200,1838,866,631,8752,4017,1054,873,4223,5169,9002,5890,328,9001,329,4439,5672,4168,834,596,1073,2306,9202,6685,6682,2023,939,6084,8646,9372,1789,5591,1254,652,5857,5049,8693,4227,4229,6419,2361,662,6155,9645,1996,5286,3883,8321,1163,9965,6505,1979,1003,6018,5776,1955,3899,5789,2667,5791,9678,2938,7681,997,1456,508,3369,6467,1677,9452,2648,1676,5110,970,5269,9698,488,7442,2426
3728:NO
3729:NO
3730:NO
3731:NO
3732:6163,9112,7498,784,7732,3257,1334,1926,5507,7482,7397,7809,1235,6153,2360,5615,9673,4364
3733:NO
3734:9719,5507,9959,8268,7254,6174
3735:6099,5706,2848,6438,2314,6630,4803,3940,1638,1303,4203,4010,257,7275,6930,6642,9742,2404,9861,6904,1938,7012,4779,4708,6078,1392,4662,2760,5873,4049,9575,7919,5339
3736:7906
3737:NO
3738:2404,5645,9861,7195,8873,1430,7946,6438,784,9284,6630,5624,7296,357,7482,8720,6702,2846,4029,3895,124,9673,7919,4701,5339,6642
3739:NO
3740:NO
3741:NO
3742:NO
3743:NO
3744:NO
3745:NO
3746:NO
3747:NO
3748:NO
3749:NO
3750:NO
3751:NO
3752:NO
3753:NO
3754:5591,1254,2265,1547,3639,9452,7896,1676,2193,1163,7384,834,3200,3540,631,3899,1955,7442,5789,1694,7641,1789
3755:NO
3756:NO
3757:NO
3758:NO
3759:NO
3760:NO
3761:NO
3762:NO
3763:NO
3764:NO
3765:7813,8611,2667,9678,8777,5289,1057
3766:NO
3767:8465,71,4945,9149,2608,5710,2622,6685,9285,3468,5839,7130,4865,2787,8764,2604,2723,4647,3192,4299,3801,1873,775,3663,9706,4063
3768:NO
3769:NO
3770:NO
3771:NO
3772:NO
3773:NO
3774:9149,8528,8133,6745,2794,2732,155,7664,6651,3683,4223,4637,9678,8646,7681,878,810,811,8567,5049,1340,7378,5394,4832,5942,382,7934,521,5534,2471,6355,6832,6419,2361,8609
3775:NO
3776:NO
3777:7495,6882,1911
3778:6894,5445
3779:NO
3780:NO
3781:5932
3782:NO
3783:NO
3784:NO
3785:NO
3786:NO
3787:NO
3788:NO
3789:NO
3790:9226
3791:NO
3792:NO
3793:NO
3794:NO
3795:NO
3796:NO
3797:NO
3798:NO
3799:NO
3800:NO
3801:NO
3802:NO
3803:NO
3804:NO
3805:NO
3806:3339
3807:NO
3808:NO
3809:3646,1102,5018,5439,2802,3936,2622,4683,8934,8265,3468,8589,2023,2787,8764,7956,3061,9372,1107,4647,4369,6164,3192,3801,6141,7324,4723,4557,6209,9698,2562,3663,4254,8854,5684,4548,8792,1931,1794,4367,62,362
3810:NO
3811:NO
3812:NO
3813:NO
3814:NO
3815:7034
3816:NO
3817:NO
3818:7130,3285,9056,3795,1730,8589,3419,5464,1416,3653,4545
3819:NO
3820:NO
3821:NO
3822:9867,8314,241
3823:6304,777
3824:NO
3825:3944,440,8101,4644,6466,748,281,1057,2982,675,2150,1746,9429,3300,7135,6724,9305,560,1416,2904,9845,1963,6093
3826:NO
3827:NO
3828:NO
3829:9626
3830:9250
3831:NO
3832:NO
3833:NO
3834:NO
3835:NO
3836:NO
3837:3927
3838:NO
3839:NO
3840:NO
3841:NO
3842:NO
3843:NO
3844:NO
3845:NO
3846:NO
3847:NO
3848:NO
3849:7131
3850:3626
3851:8230
3852:NO
3853:NO
3854:NO
3855:NO
3856:NO
3857:NO
3858:NO
3859:NO
3860:1288,839,4790
3861:NO
3862:NO
3863:NO
3864:NO
3865:NO
3866:NO
3867:NO
3868:NO
3869:2037,5711,9202,7422,6806,675,7657,801,4865,4637,271,9237,440,7502,5857,4642,8778,9869,8170,8777,8693,4229,5992,8548,6155,4063,2841,303,2808,4679,3640,2681,9285,5289,5638,7108,5066,6652,7813,1051,9429,1054,2667,873,6644,9678,997,1963,8101,5117,6467,1340,8988,1057,9103,4420,5270,8611,1694
3870:NO
3871:NO
3872:NO
3873:7711,4614,6602,7379,3882,8697,9287,315,9417,8072,6566,981,2259,5329,3003,9402,5784,423,1182,8523
3874:4940
3875:834,9452,1676
3876:NO
3877:NO
3878:NO
3879:NO
3880:NO
3881:8203
3882:NO
3883:NO
3884:NO
3885:NO
3886:NO
3887:NO
3888:1622
3889:NO
3890:8922,9909,7636,8395,628,4363,8678,3757,8318,9434,5785,1707,8157
3891:3062
3892:3406,4646,7800,4751,2081,4357,8908,6273,40,7458,8072,7565,5884,5431
3893:NO
3894:NO
3895:9867
3896:NO
3897:NO
3898:1456,5192,4038,2265,2747,1677,1676,2193,2648,5638,7657,4168,2869,3200,3899,4223,1283,1073,2938,9001
3899:NO
3900:NO
3901:NO
3902:NO
3903:1683,9864
3904:NO
3905:NO
3906:NO
3907:NO
3908:NO
3909:5403,7621,4751,5134,8339,992,1796,3788,3380
3910:NO
3911:NO
3912:NO
3913:6330,9770
3914:NO
3915:NO
3916:NO
3917:NO
3918:NO
3919:7986
3920:NO
3921:NO
3922:NO
3923:NO
3924:NO
3925:5432,6879,8001,1029,3632,3750,87,2248,4090,2029,5415,3855,5052,9861,7011,8295,9112,1251,9858,4779,2884,7198,2464,3257,9312,5144,8863,6622,6962,6702,9709,7991,9271,5990
3926:NO
3927:NO
3928:NO
3929:NO
3930:NO
3931:NO
3932:NO
3933:NO
3934:NO
3935:NO
3936:NO
3937:NO
3938:NO
3939:NO
3940:NO
3941:NO
3942:NO
3943:NO
3944:NO
3945:NO
3946:NO
3947:NO
3948:NO
3949:NO
3950:NO
3951:NO
3952:5133,7301,4344
3953:NO
3954:NO
3955:6632
3956:NO
3957:NO
3958:NO
3959:NO
3960:NO
3961:NO
3962:NO
3963:NO
3964:NO
3965:2417,498
3966:3647,1152,5229,8472,1088,8073,7553,6164,2817,7436,9592,3742,6294,3990,7177,6116,9941,9988,2548,7719,2904,243,4545,303,7640
3967:NO
3968:NO
3969:NO
3970:NO
3971:NO
3972:2747,5166,5638,4263,7657,3200,3540,5418,3899,7486,5789,2938,9001,8774,4100,4038,5672,1875,9452,2648,1676,3583,5750,420,8555,7641
3973:NO
3974:NO
3975:NO
3976:NO
3977:NO
3978:6151
3979:NO
3980:NO
3981:NO
3982:1161
3983:1161,7990
3984:NO
3985:NO
3986:2921
3987:NO
3988:NO
3989:2648,2193,7657
3990:NO
3991:NO
3992:NO
3993:NO
3994:NO
3995:NO
3996:NO
3997:NO
3998:NO
3999:NO
4000:NO
4001:NO
4002:7294,3199,8618,7070,392,1246,3670
4003:NO
4004:NO
4005:NO
4006:NO
4007:2372,5192,3639,2648,5780,7998,325,9199,801,2251,1054,6254,1283,1992,268
4008:NO
4009:52,8406,5258
4010:NO
4011:NO
4012:NO
4013:NO
4014:6482
4015:NO
4016:NO
4017:NO
4018:NO
4019:NO
4020:NO
4021:NO
4022:NO
4023:NO
4024:NO
4025:9686,5229,6976,683,8133,3936,3696,9965,6505,1979,8083,801,6656,1054,8764,1283,4698,3956,5890,268,7478,8401,2407,1600,3596,9701,9394,7998,9698,2562,4367,6159,1996,5749
4026:4733
4027:6099,7535,3343,4237,2292,4803,6519,7275,562,1786,9575,8184,3279,8051,3752
4028:NO
4029:NO
4030:6147,6164,4236
4031:4318,2917,4694,4086,3391,2715,8187,9508,1945
4032:6757,4479
4033:6345,3228
4034:NO
4035:NO
4036:8894
4037:8042,8512,6087,9753,8720,2966,2921,4324,466,8280
4038:NO
4039:8465,7652,2854,7896,3293,7108,5839,1979,7130,7876,5776,8028,5612,873,4632,2121,2455,4977,9534,174,4160,6773,1547,1677,8988,8170,1873,5943,4227,775,9103,3719,1387,4119,364,1694,367,8798,4063,5885,2841
4040:NO
4041:7656
4042:NO
4043:NO
4044:2808,5931
4045:NO
4046:4029,1706
4047:8730
4048:NO
4049:NO
4050:NO
4051:NO
4052:NO
4053:NO
4054:NO
4055:NO
4056:238,9701,9534,6505,5890,5534,811
4057:NO
4058:NO
4059:NO
4060:NO
4061:NO
4062:NO
4063:NO
4064:NO
4065:NO
4066:NO
4067:NO
4068:NO
4069:3285,2747,2193,7422,8266,12,1088,7657,3540,9240,2732,7664,4637,810,3795,4369,6011,8774,9534,4038,4100,5192,7083,1875,4043,9521,3567,7384,2471,293,5757,1142,5750,8555,539,7641,2265,5166,4679,8748,8749,5638,2497,1569,5905,7813,3200,6652,8450,866,5418,631,8752,4017,2251,2787,5170,1283,4223,9002,5890,9001,5672,4168,834,7297,4725,1073,9202,675,4263,6682,2869,3421,9904,8646,1789,5591,1254,5049,8693,8901,6419,2361,6155,420,5286,9956,3883,8321,1163,6505,2117,1003,8589,6018,1955,3899,7486,5789,5791,9678,2938,997,508,1456,3369,6467,1677,9452,2648,1676,707,1471,5265,7026,5269,7442,2426
4070:NO
4071:NO
4072:NO
4073:NO
4074:NO
4075:NO
4076:NO
4077:NO
4078:NO
4079:6470,4038,1955,2648,1277,4230
4080:NO
4081:NO
4082:NO
4083:NO
4084:NO
4085:NO
4086:5018,3293,2622,9087,9199,7876,6182,939,2023,5612,9189,268,9236,1524,6164,5192,5464,6530,8693,9758,4119,1992,2841,1152,2372,6976,6393,2802,9965,6505,195,1979,3080,5780,325,5058,7822,997,7681,5890,4977,7553,9592,1677,2648,8988,7560,3990,7163,7998,9698,9941,1562,2548,7719,9095
4087:NO
4088:7924,3445,7140,8831,8385
4089:6556,2289,553
4090:NO
4091:NO
4092:1102,2747,3293,12,675,7657,6682,3421,9199,6182,6084,9372,9189,5857,4038,8561,1875,7388,8693,7934,4903,4254,4482,6155,1992,420,7640,1152,2808,9956,2681,4682,5638,6043,8073,2391,3200,1838,1003,325,5418,8589,3899,5058,1283,2938,997,328,9001,853,2648,1676,7560,503,3990,7177,4723,596,8611,1073,1794
4093:NO
4094:NO
4095:NO
4096:2292,9865
4097:NO
4098:NO
4099:NO
4100:NO
4101:NO
4102:NO
4103:NO
4104:NO
4105:NO
4106:NO
4107:3505,9834,8622,9710
4108:NO
4109:8547
4110:NO
4111:NO
4112:NO
4113:NO
4114:NO
4115:NO
4116:2823,7230,8813
4117:NO
4118:NO
4119:NO
4120:5997,1248,6325
4121:NO
4122:4977,6036,3899,1387,5612,1677,3293,9095
4123:NO
4124:NO
4125:NO
4126:NO
4127:NO
4128:NO
4129:2808,2312,3576
4130:NO
4131:NO
4132:NO
4133:NO
4134:5679,5455,239,1627,5603,5360,7732,4623,2230
4135:NO
4136:NO
4137:NO
4138:NO
4139:NO
4140:3064,2991,5047
4141:NO
4142:NO
4143:NO
4144:NO
4145:NO
4146:NO
4147:NO
4148:NO
4149:NO
4150:7831,3712,1932,4995,438
4151:NO
4152:NO
4153:871,7270,282,1121
4154:2458,5692,8413,7558,3029
4155:6423
4156:NO
4157:6770,6831,5704,8378,5240,995,3994,8123
4158:NO
4159:NO
4160:NO
4161:NO
4162:NO
4163:NO
4164:NO
4165:NO
4166:8868,8404,7158
4167:NO
4168:9346,9040,1854,6165,8978,4036,9734,8355,9111,7419,406,1028,8143,3941,7489,4201,4020,9702,2527,9971,9396,9607,4416,2451,5513,7004
4169:NO
4170:NO
4171:NO
4172:NO
4173:NO
4174:NO
4175:NO
4176:NO
4177:2128,4617
4178:NO
4179:NO
4180:NO
4181:NO
4182:NO
4183:6721,9346,7785,5487,1200,9544,6913,2621,5595
4184:NO
4185:NO
4186:NO
4187:NO
4188:NO
4189:NO
4190:8399,510,2266,9683,9213,1711,3120,3803,1978,5322,5873,9192,6722,8795,2178
4191:NO
4192:9040,4036
4193:NO
4194:NO
4195:NO
4196:6194,522
4197:NO
4198:NO
4199:NO
4200:NO
4201:NO
4202:9295,1021,6499,6684,4598,944,892,6567,1289,9196,5170,9002,878,1962,8401,9258,3605,705,9313,9456,7908,1931,9328,9880,726,6159
4203:2043,4906
4204:NO
4205:NO
4206:NO
4207:NO
4208:NO
4209:NO
4210:NO
4211:NO
4212:9180,1211
4213:NO
4214:NO
4215:NO
4216:NO
4217:NO
4218:14
4219:NO
4220:NO
4221:NO
4222:NO
4223:NO
4224:2212
4225:NO
4226:2387,1502,6868,1344,8971,5577
4227:NO
4228:NO
4229:NO
4230:NO
4231:NO
4232:NO
4233:NO
4234:NO
4235:NO
4236:NO
4237:NO
4238:NO
4239:NO
4240:NO
4241:NO
4242:NO
4243:8697,497
4244:NO
4245:NO
4246:NO
4247:NO
4248:NO
4249:8465,3887,2037,3937,2681,9285,9087,2079,1979,5839,3080,7130,7876,452,3486,2455,2121,8288,8988,1873,8170,4227,775,9103,1387,364,367,8798,4063,2841
4250:NO
4251:NO
4252:5704,519,1938,4571,4373,6169,1638,7764,915,6504,9670,2553,8368,8437,8123
4253:NO
4254:7575
4255:2543,7921,9835,8231,3981,5494,4959,5634,5487,2188,963,1245,9847,9297
4256:NO
4257:NO
4258:NO
4259:NO
4260:NO
4261:8381
4262:NO
4263:NO
4264:NO
4265:2760,9858,2911
4266:NO
4267:NO
4268:NO
4269:NO
4270:NO
4271:NO
4272:1255,6979,4401,9523,1711,3981,9111,406,7489,1744,5038,7785,1104
4273:NO
4274:NO
4275:NO
4276:NO
4277:NO
4278:3751
4279:NO
4280:NO
4281:NO
4282:NO
4283:NO
4284:8679
4285:NO
4286:NO
4287:NO
4288:NO
4289:NO
4290:NO
4291:NO
4292:NO
4293:NO
4294:NO
4295:4401,1973,3705,3704,1096,8392,3227,4988,6504,498,1120,3942,6622,3810,9133,7334,2417,5360,266,9950,1623
4296:NO
4297:2988,5080,2919
4298:NO
4299:NO
4300:NO
4301:NO
4302:NO
4303:NO
4304:NO
4305:NO
4306:NO
4307:NO
4308:NO
4309:NO
4310:NO
4311:NO
4312:NO
4313:NO
4314:8465,6976,8988,1873,2948,6505,4229,1979,5839,775,9103,7998,7163,6147,7876,364,8798,5890,2121,2455,2841,5885,811
4315:NO
4316:NO
4317:NO
4318:NO
4319:3062
4320:NO
4321:2037,7896,2193,4136,675,9195,2019,3540,2732,5842,9199,7876,801,6182,6084,9372,440,7086,8701,8561,7388,8693,7934,7627,7384,3300,4254,4482,1992,4063,7641,539,1152,9956,9010,2265,2802,3639,1163,9285,6043,8073,1838,9429,325,5418,8589,1955,1054,5058,5789,873,5791,997,1963,328,9001,8101,3369,4977,7553,4160,7856,705,7560,1057,7177,3990,4723,8379,596,5931,8854,8611,2548,1694,1794,9814
4322:NO
4323:NO
4324:NO
4325:NO
4326:6013,2695,663,7850,9283
4327:NO
4328:NO
4329:NO
4330:6954
4331:NO
4332:NO
4333:NO
4334:9172
4335:6423
4336:NO
4337:NO
4338:NO
4339:NO
4340:NO
4341:NO
4342:NO
4343:NO
4344:NO
4345:NO
4346:NO
4347:NO
4348:5858,3101,6774,8809,9312,1029,5624,6871,6856,8863,562,8437,6702,4153,7991,9673,6642
4349:NO
4350:NO
4351:NO
4352:NO
4353:NO
4354:2306,9956,7231,1645,7896,4685,8867,2376,8073,1979,7130,1719,760,3419,801,3899,5612,1283,5169,2938,4632,810,652,4439,3674,8699,4038,1677,7388,3327,7190,5110,9161,1987,970,6055,5450,293,3569,9988,5207,367,5750,420,9645,5749
4355:NO
4356:NO
4357:NO
4358:NO
4359:NO
4360:NO
4361:3944,8736,7824,7104,503,1911,9849,8119,3421,7026,2787,6882,5750,420,1689
4362:NO
4363:7215,9995,2451,9297
4364:NO
4365:5225,5710,8133,8265,3540,1107,811,4647,4369,5466,8774,4100,9534,8772,4043,1600,1875,3801,2709,9048,1873,521,3583,8792,4367,5750,62,8555,7641,8465,5166,8749,4683,5638,2497,3468,8450,2787,8765,8764,3061,5890,375,5672,5942,6355,8119,6620,1073,362,2608,3936,6685,950,1768,4263,5839,5605,3421,9904,6656,9196,6669,3683,4994,8401,9377,4236,6718,4795,2562,3663,3653,1996,3646,9149,8321,198,9965,6505,7486,5789,7956,238,7977,6226,1676,9452,707,1949,5534,9701,4862,9698,8854,8609,3105
4366:NO
4367:NO
4368:NO
4369:NO
4370:NO
4371:NO
4372:NO
4373:NO
4374:NO
4375:NO
4376:NO
4377:NO
4378:NO
4379:NO
4380:NO
4381:NO
4382:NO
4383:NO
4384:5645,8195,1430,7946,7661,9766,3938,7296,5416,7482,4048,5098,4691,458,4120,6761,3895,994,1105,4701,1997
4385:NO
4386:NO
4387:NO
4388:NO
4389:NO
4390:NO
4391:NO
4392:NO
4393:5090
4394:1102,71,5018,8133,9901,3936,2622,9965,8265,3468,1838,8083,9196,5058,8764,7956,8646,9236,8401,4703,2717,238,9648,375,7977,3192,7436,7934,6355,6832,8056,6209,3663,1562,8854,4548,5684,2365,6159
4395:NO
4396:NO
4397:NO
4398:NO
4399:NO
4400:NO
4401:NO
4402:NO
4403:NO
4404:NO
4405:NO
4406:NO
4407:NO
4408:NO
4409:NO
4410:NO
4411:NO
4412:NO
4413:1052,1631,3092
4414:NO
4415:NO
4416:NO
4417:NO
4418:NO
4419:NO
4420:NO
4421:7891
4422:NO
4423:NO
4424:NO
4425:6898,7207,2030
4426:8801,5225,8133,2193,7657,8265,2723,1107,268,811,4647,9258,4369,5466,9534,5192,8772,4043,1600,3801,9048,521,9272,4119,8792,4367,62,2265,6393,2802,8749,4683,3042,2497,3468,1288,8450,2787,8765,4223,1283,8764,3061,5890,329,375,5942,4168,6355,9336,2555,3031,362,5018,9202,3936,6685,950,1768,4534,2869,5605,3421,9904,6656,939,9196,6669,3683,4994,8401,9377,2002,6718,2562,3663,4790,6155,3653,5576,1996,3646,9149,8321,9965,6505,7223,2376,7956,7681,1456,238,6467,7977,6226,1677,2648,707,5534,9701,7998,9698,4862,5102,8854,3105
4427:3855,1926,2661,903,208,604,1120
4428:NO
4429:NO
4430:NO
4431:NO
4432:NO
4433:NO
4434:NO
4435:NO
4436:NO
4437:NO
4438:NO
4439:NO
4440:NO
4441:NO
4442:9971,6366,6165,8645,5880,5800,4201,1997
4443:NO
4444:NO
4445:6994,8700,5236,5337,6522
4446:NO
4447:NO
4448:NO
4449:NO
4450:8534,5880,6111,9630,194
4451:6485,723,2894
4452:NO
4453:NO
4454:NO
4455:NO
4456:NO
4457:NO
4458:NO
4459:NO
4460:NO
4461:NO
4462:NO
4463:NO
4464:8201
4465:NO
4466:NO
4467:NO
4468:NO
4469:NO
4470:NO
4471:NO
4472:NO
4473:NO
4474:NO
4475:NO
4476:NO
4477:1371,7799,5157
4478:1430
4479:NO
4480:NO
4481:NO
4482:NO
4483:NO
4484:NO
4485:6128,2420,8534,5030,1275,9630,8005,194
4486:NO
4487:NO
4488:NO
4489:9351,5207,9645
4490:NO
4491:NO
4492:NO
4493:NO
4494:NO
4495:NO
4496:NO
4497:NO
4498:NO
4499:746,7413,3863,8919
4500:NO
4501:NO
4502:NO
4503:NO
4504:NO
4505:4977,7876,4119,364,873,5943,8798,4063,2455
4506:5225,5710,8266,4263,6682,5605,3540,7664,6669,6788,3683,4639,4994,9377,4647,2002,1254,8774,5049,5466,4100,8772,1600,1875,2471,5333,4795,4911,8792,3583,5750,8555,7641,9010,2265,5166,6745,198,5638,1719,631,7486,5789,5791,6226,5672,9452,1676,1949,4168,9103,7026,6620,4862,5102,5270,8609,1689
4507:NO
4508:NO
4509:NO
4510:NO
4511:8846,70,7806,3068,698,5983,230,934
4512:3064
4513:6856,3855,8856
4514:8628
4515:9909,8277,9259,4602,3757,5990
4516:NO
4517:NO
4518:NO
4519:NO
4520:238,9701,9534,6505,5890,5534,811
4521:NO
4522:NO
4523:NO
4524:NO
4525:NO
4526:NO
4527:NO
4528:NO
4529:NO
4530:NO
4531:8561,328
4532:NO
4533:NO
4534:NO
4535:NO
4536:NO
4537:NO
4538:5400,826
4539:NO
4540:NO
4541:NO
4542:NO
4543:NO
4544:NO
4545:NO
4546:NO
4547:NO
4548:NO
4549:NO
4550:NO
4551:NO
4552:1072
4553:NO
4554:7311
4555:NO
4556:NO
4557:8035,1182
4558:NO
4559:NO
4560:NO
4561:NO
4562:NO
4563:NO
4564:NO
4565:2037,5711,9202,2019,801,4865,6084,2452,5591,7502,5857,4642,8170,8693,2948,4229,7384,7627,9660,9272,1624,8548,7908,6155,8798,4063,2841,6976,1021,3639,2681,9285,7108,3200,6652,5662,1054,7333,2667,873,997,5309,1544,6467,1340,7856,9452,1676,503,834,5270,7442,1694,1794,7309
4566:NO
4567:NO
4568:6958,2424,4320
4569:NO
4570:NO
4571:NO
4572:NO
4573:NO
4574:NO
4575:NO
4576:NO
4577:NO
4578:6028,1909,8088
4579:NO
4580:NO
4581:NO
4582:6368
4583:NO
4584:NO
4585:NO
4586:3268,7875,2935,418,4412
4587:NO
4588:NO
4589:NO
4590:687,7346,5706,472,6913,9683,6197,4623,4203,3940,1031,5487,6722,266,7880,5175,8220,9803,6400,6904,3803,1392,9396,529,2901,9709,8556,4669,7919
4591:NO
4592:NO
4593:NO
4594:NO
4595:NO
4596:NO
4597:NO
4598:NO
4599:NO
4600:NO
4601:NO
4602:NO
4603:NO
4604:NO
4605:NO
4606:NO
4607:9742,9719,3945,8498,2371,9959,447,9453,1542,5326,861,5365,2417,5068,124,9298
4608:NO
4609:NO
4610:NO
4611:NO
4612:71,8083
4613:6211,9123
4614:NO
4615:NO
4616:NO
4617:NO
4618:NO
4619:1912,5449
4620:NO
4621:4903
4622:NO
4623:NO
4624:NO
4625:NO
4626:NO
4627:NO
4628:NO
4629:NO
4630:NO
4631:8932
4632:NO
4633:NO
4634:NO
4635:NO
4636:NO
4637:NO
4638:NO
4639:NO
4640:NO
4641:NO
4642:NO
4643:NO
4644:NO
4645:NO
4646:NO
4647:NO
4648:NO
4649:NO
4650:NO
4651:NO
4652:NO
4653:NO
4654:NO
4655:NO
4656:2238,5079,3307
4657:790
4658:9194,8319,7281
4659:NO
4660:NO
4661:9287,7957,7565,6309
4662:NO
4663:NO
4664:NO
4665:9686,4330,683,9956,7231,2747,6499,3639,7896,7422,8266,9362,5662,760,1838,2019,1289,6018,801,2251,7333,1054,6254,1283,9125,9002,1963,508,3369,1544,7856,6718,4168,9660,2471,970,1624,6828,5269,5757,1073,722,5207,5989,420,9645,303,2426
4666:NO
4667:NO
4668:NO
4669:NO
4670:7827,6180,2297,7837,4444,2414,8091,5442,2214,1198,497,6583,9631
4671:NO
4672:NO
4673:NO
4674:9884,4339,1227
4675:NO
4676:NO
4677:1358,9486,9589,5060
4678:NO
4679:NO
4680:NO
4681:NO
4682:NO
4683:NO
4684:NO
4685:NO
4686:NO
4687:6306,8184,7265
4688:775
4689:NO
4690:NO
4691:356,350,3954
4692:NO
4693:NO
4694:9725
4695:NO
4696:NO
4697:NO
4698:NO
4699:NO
4700:NO
4701:NO
4702:NO
4703:NO
4704:NO
4705:5230,8704,7531,7427
4706:9997,2288
4707:NO
4708:NO
4709:9225
4710:NO
4711:NO
4712:NO
4713:NO
4714:NO
4715:NO
4716:NO
4717:NO
4718:NO
4719:NO
4720:NO
4721:NO
4722:NO
4723:NO
4724:NO
4725:1222
4726:NO
4727:3081,70,49,3068,8636,4192,7897,1813,1796,3788
4728:NO
4729:NO
4730:NO
4731:NO
4732:NO
4733:NO
4734:NO
4735:NO
4736:NO
4737:NO
4738:NO
4739:NO
4740:NO
4741:NO
4742:NO
4743:3631
4744:NO
4745:4707
4746:NO
4747:NO
4748:2702
4749:NO
4750:6128,2420,8534,5030,1275,9630,8005,194
4751:NO
4752:NO
4753:NO
4754:NO
4755:NO
4756:NO
4757:NO
4758:NO
4759:NO
4760:NO
4761:NO
4762:NO
4763:2458,5692,8413,7558,3029
4764:NO
4765:NO
4766:3307
4767:NO
4768:NO
4769:NO
4770:NO
4771:9111,7489
4772:3542,7549,2216,936,4698,3061,6218,5749,1789
4773:NO
4774:3751
4775:NO
4776:NO
4777:NO
4778:7502,2717,3887,7231,3801,4832,944,4047,6294,3468,2794,6147,1289,8764,4024,4703
4779:NO
4780:NO
4781:2037,5711,8002,6806,675,9240,6182,4865,6084,4637,2455,271,9237,440,7502,6011,8774,4642,7083,8778,9869,8170,8777,4047,4229,5992,8548,4063,2841,6873,8465,4679,3640,2681,9285,5289,1705,7108,5066,6652,7813,1051,9429,8752,2667,873,9678,4024,1963,8101,1544,5117,1340,1057,4420,5931,5270,8611,1073,1694
4782:NO
4783:4007,9284,1225,6504,2527,4929,6930,8512,7611,994,4701,239,6604,519,4373,7493,7732,4295,915,5098,5215,8927,2553,8856,4189,8437,4364
4784:NO
4785:NO
4786:NO
4787:NO
4788:NO
4789:NO
4790:NO
4791:NO
4792:NO
4793:NO
4794:NO
4795:NO
4796:6575,797,4991
4797:NO
4798:NO
4799:NO
4800:NO
4801:NO
4802:2747,8133,2193,7422,8266,12,7657,3540,9240,2732,7664,4637,8567,3795,8774,4038,4100,5192,8772,7083,1875,1600,7388,9521,3567,8777,7934,7384,2471,6832,1624,5757,1142,4911,5989,539,7641,2265,5166,4679,9285,5638,3200,6652,866,1838,5662,631,8752,4017,7333,4223,9002,9001,1544,1340,5672,5394,1057,4168,6355,834,4723,4725,1073,3947,9202,6682,5605,155,3683,8646,4994,1789,9377,5591,1254,5049,7495,8901,5333,6419,2361,6155,1277,5286,3883,6745,2681,1163,5289,1003,461,6018,3899,1955,5789,5791,9678,2938,508,1456,3369,2886,6467,6226,9452,2648,1676,1949,5269,4862,5102,5270,8611,7442,1689,2426
4803:4750,1385,8109,8017,9000,7280
4804:NO
4805:NO
4806:NO
4807:NO
4808:NO
4809:NO
4810:NO
4811:4795,5166,3583,4519
4812:NO
4813:7311
4814:9909,7636,3757,5785,1707,8157
4815:NO
4816:NO
4817:NO
4818:9556
4819:NO
4820:NO
4821:5454,6602,7379,2297,9402,3636,815,9282,5442,981
4822:NO
4823:NO
4824:NO
4825:9860,1371,3213,7799,5157
4826:NO
4827:NO
4828:NO
4829:NO
4830:NO
4831:NO
4832:NO
4833:NO
4834:NO
4835:NO
4836:9334
4837:NO
4838:NO
4839:NO
4840:2747,2193,7422,12,8266,7657,3540,9240,2732,7664,4637,3795,8774,4038,4100,5192,7083,1875,4043,9521,3567,7384,2471,1624,5757,1142,4911,5989,539,7641,1849,2265,5166,4679,5638,2497,1569,5905,3200,2794,8450,866,1838,5662,1289,631,8752,4017,7333,8765,5170,4223,9002,9001,5672,3742,4168,834,4725,1073,3947,9202,3395,6682,2019,8646,4994,1789,4519,5591,1254,4236,5049,6718,7495,6419,2361,6155,5286,9956,6499,3883,1163,2117,1003,6018,3899,1955,6514,5789,5791,9678,2938,508,1456,3369,6467,3605,9452,2648,1676,1949,4563,5534,5269,4862,7442,1689,2426
4841:7199
4842:NO
4843:NO
4844:NO
4845:NO
4846:NO
4847:9817
4848:NO
4849:NO
4850:NO
4851:NO
4852:NO
4853:6071
4854:4898,2859
4855:NO
4856:8784,5078
4857:5646,5622,7191
4858:NO
4859:NO
4860:NO
4861:3574,8591
4862:7946,9284,8001,6510,3750,7482,8458,2029,5415,8498,6128,8295,9112,4779,7498,5326,3257,861,498,5801,6890,357,7367,2417,6962,4363,6153,8187,124,9271
4863:NO
4864:NO
4865:7810,1632,4425
4866:NO
4867:NO
4868:NO
4869:NO
4870:NO
4871:NO
4872:NO
4873:NO
4874:NO
4875:2471
4876:NO
4877:NO
4878:NO
4879:NO
4880:6918,1021,6466,4299,7856,705,1951,9280,4291,1746,3066,7908,1416,8798,9880,1963
4881:NO
4882:6208,7379,6303,3636,9282,8072,4784
4883:NO
4884:NO
4885:NO
4886:NO
4887:NO
4888:NO
4889:NO
4890:NO
4891:NO
4892:NO
4893:NO
4894:NO
4895:NO
4896:NO
4897:NO
4898:NO
4899:3684
4900:NO
4901:4280,9034,5259,8640,8120,7417,2332
4902:NO
4903:NO
4904:NO
4905:NO
4906:NO
4907:NO
4908:NO
4909:NO
4910:NO
4911:NO
4912:NO
4913:NO
4914:NO
4915:8361,1871
4916:NO
4917:NO
4918:NO
4919:NO
4920:NO
4921:NO
4922:4575,2598,9346,3815,582,9913
4923:6099,9959,8942,7275,2248,7604,4694,693,9742,9719,5052,3855,8295,9112,4779,918,9453,2464,1542,7254,3257,8237,6174,9515,2760,8785,8318,2911
4924:NO
4925:NO
4926:1973,2848,3281,2371,6438,6630,5365,9850,5068,8645,8020,2404,8498,6128,8978,2294,8355,5326,5734,861,498,5801,9938,7785,7367,2417,5389,124,9950,7919,5339
4927:NO
4928:NO
4929:NO
4930:NO
4931:NO
4932:NO
4933:5225,8133,402,3936,6685,2312,950,1768,12,2045,4263,1897,155,9904,7664,6656,9196,6669,3683,8646,1107,8401,811,9377,8567,4647,9648,4369,5049,5466,9534,8772,6718,1600,4043,9048,6832,8056,7100,6419,6116,5759,3663,5757,2361,4790,4911,1996,9149,71,6745,8321,9965,6505,2497,3468,8450,1596,7486,2787,8764,7956,5890,508,238,375,2407,7977,6226,5394,5942,5534,6355,5265,9701,6209,9698,488,4862,5102,4548,5684
4934:NO
4935:NO
4936:NO
4937:NO
4938:NO
4939:NO
4940:NO
4941:NO
4942:NO
4943:NO
4944:NO
4945:NO
4946:NO
4947:NO
4948:NO
4949:NO
4950:NO
4951:NO
4952:154,201,4003,1093,4290,1704
4953:NO
4954:9742
4955:9989
4956:NO
4957:NO
4958:NO
4959:NO
4960:3851,7072
4961:NO
4962:NO
4963:NO
4964:3522
4965:NO
4966:NO
4967:NO
4968:NO
4969:5332,3855,1852,4007,7334,3626,8927,142,8232,8001,7493,5734,9271
4970:NO
4971:NO
4972:NO
4973:NO
4974:NO
4975:NO
4976:NO
4977:NO
4978:NO
4979:NO
4980:7857,3652
4981:NO
4982:3855,8295,6879,8001,7611,1029
4983:NO
4984:NO
4985:NO
4986:NO
4987:NO
4988:NO
4989:NO
4990:NO
4991:NO
4992:NO
4993:NO
4994:NO
4995:NO
4996:NO
4997:NO
4998:NO
4999:NO
5000:NO
